name,short_name,field
1300 SMILES LIMITED,ONT,Health Care Equipment & Services
1414 DEGREES LIMITED,14D,Capital Goods
1ST GROUP LIMITED,1ST,Health Care Equipment & Services
333D LIMITED,T3D,Commercial & Professional Services
360 CAPITAL DIGITAL INFRASTRUCTURE FUND,TDI,Not Applic
360 CAPITAL GROUP,TGP,Real Estate
360 CAPITAL REIT,TOT,Diversified Financials
3D OIL LIMITED,TDO,Energy
3D RESOURCES LIMITED,DDD,Materials
3P LEARNING LIMITED..,3PL,Consumer Services
4DMEDICAL LIMITED,4DX,Health Care Equipment & Services
4DS MEMORY LIMITED,4DS,Semiconductors & Semiconductor Equipment
5G NETWORKS LIMITED,5GN,Telecommunication Services
88 ENERGY LIMITED,88E,Energy
8COMMON LIMITED,8CO,Software & Services
8I HOLDINGS LTD,8IH,Diversified Financials
8IP EMERGING COMPANIES LIMITED,8EC,Not Applic
8VI HOLDINGS LIMITED,8VI,Consumer Services
9 SPOKES INTERNATIONAL LIMITED,9SP,Software & Services
99 TECHNOLOGY LIMITED,NNT,Software & Services
A-CAP ENERGY LIMITED,ACB,Energy
A1 INVESTMENTS & RESOURCES LTD,AYI,Diversified Financials
A2B AUSTRALIA LIMITED,A2B,Transportation
ABACUS PROPERTY GROUP,ABP,Real Estate
ABILENE OIL AND GAS LIMITED,ABL,Energy
ABSOLUTE EQUITY PERFORMANCE FUND LIMITED,AEG,Not Applic
ACACIA COAL LIMITED,AJC,Energy
ACADEMIES AUSTRALASIA GROUP LIMITED,AKG,Consumer Services
ACCELERATE RESOURCES LIMITED,AX8,Materials
ACCENT GROUP LIMITED,AX1,Retailing
ACCENT RESOURCES NL,ACS,Materials
ACORN CAPITAL INVESTMENT FUND LIMITED,ACQ,Not Applic
ACROW FORMWORK AND CONSTRUCTION SERVICES LIMITED,ACF,Capital Goods
ACRUX LIMITED,ACR,"Pharmaceuticals, Biotechnology & Life Sciences"
ACTINOGEN MEDICAL LIMITED,ACW,"Pharmaceuticals, Biotechnology & Life Sciences"
ACTIVEX LIMITED,AIV,Materials
ACUMENTIS GROUP LIMITED,ACU,Real Estate
AD1 HOLDINGS LIMITED,AD1,Media & Entertainment
ADACEL TECHNOLOGIES LIMITED,ADA,Software & Services
ADAIRS LIMITED,ADH,Retailing
ADALTA LIMITED,1AD,"Pharmaceuticals, Biotechnology & Life Sciences"
ADAVALE RESOURCES LIMITED,ADD,Energy
ADBRI LIMITED,ABC,Materials
ADHERIUM LIMITED,ADR,Health Care Equipment & Services
ADMIRALTY RESOURCES NL.,ADY,Materials
ADRIATIC METALS PLC,ADT,Materials
ADSLOT LTD.,ADS,Software & Services
ADVANCE NANOTEK LIMITED,ANO,Materials
ADVANCED BRAKING TECHNOLOGY LTD,ABV,Automobiles & Components
ADVANCED SHARE REGISTRY LIMITED,ASW,Diversified Financials
ADVERITAS LIMITED,AV1,Software & Services
ADX ENERGY LTD,ADX,Energy
AEERIS LTD,AER,Media & Entertainment
AEON METALS LIMITED.,AML,Materials
AERIS ENVIRONMENTAL LTD,AEI,Commercial & Professional Services
AERIS RESOURCES LIMITED,AIS,Materials
AEROMETREX LIMITED,AMX,Commercial & Professional Services
AF LEGAL GROUP LTD,AFL,Commercial & Professional Services
AFFINITY ENERGY AND HEALTH LIMITED,AEB,"Pharmaceuticals, Biotechnology & Life Sciences"
AFG 2019-2 TRUST IN RESPECT OF SERIES 2019-2,AF1,Not Applic
AFRICAN ENERGY RESOURCES LIMITED,AFR,Energy
AFRICAN GOLD LTD.,A1G,Materials
AFT CORPORATION LIMITED,AFT,Technology Hardware & Equipment
AFT PHARMACEUTICALS LIMITED,AFP,"Pharmaceuticals, Biotechnology & Life Sciences"
AFTERPAY LIMITED,APT,Software & Services
AGL ENERGY LIMITED.,AGL,Utilities
AGRICULTURAL LAND TRUST,AGJ,Real Estate
AGRIMIN LIMITED,AMN,Materials
AGUIA RESOURCES LIMITED,AGR,Materials
AHALIFE HOLDINGS LIMITED,AHL,Retailing
AIC MINES LIMITED,A1M,Materials
AIMS PROPERTY SECURITIES FUND,APW,Real Estate
AINSWORTH GAME TECHNOLOGY LIMITED,AGI,Consumer Services
AIR NEW ZEALAND LIMITED,AIZ,Transportation
AJ LUCAS GROUP LIMITED,AJL,Capital Goods
ALACER GOLD CORP.,AQG,Materials
ALARA RESOURCES LIMITED,AUQ,Materials
ALCHEMY RESOURCES LIMITED,ALY,Materials
ALCIDION GROUP LIMITED,ALC,Health Care Equipment & Services
ALDERAN RESOURCES LIMITED,AL8,Materials
ALDORO RESOURCES LIMITED,ARN,Materials
ALE PROPERTY GROUP,LEP,Real Estate
ALEXIUM INTERNATIONAL GROUP LIMITED,AJX,Materials
ALICANTO MINERALS LIMITED,AQI,Materials
ALICE QUEEN LIMITED,AQX,Materials
ALITA RESOURCES LIMITED,A40,Materials
ALKANE RESOURCES LIMITED,ALK,Materials
ALLEGIANCE COAL LIMITED,AHQ,Materials
ALLEGRA ORTHOPAEDICS LIMITED,AMT,Health Care Equipment & Services
ALLIANCE AVIATION SERVICES LIMITED,AQZ,Transportation
ALLIANCE RESOURCES LIMITED,AGS,Materials
ALLIGATOR ENERGY LIMITED,AGE,Energy
ALLOY RESOURCES LIMITED,AYR,Materials
ALPHA HPA LIMITED,A4N,Materials
ALS LIMITED,ALQ,Commercial & Professional Services
ALT RESOURCES LIMITED,ARS,Materials
ALTA ZINC LIMITED,AZI,Materials
ALTECH CHEMICALS LTD,ATC,Materials
ALTERITY THERAPEUTICS LIMITED,ATH,"Pharmaceuticals, Biotechnology & Life Sciences"
ALTERNATIVE INVESTMENT TRUST,AIQ,Not Applic
ALTERRA LIMITED,1AG,Commercial & Professional Services
ALTHEA GROUP HOLDINGS LIMITED,AGH,"Pharmaceuticals, Biotechnology & Life Sciences"
ALTIUM LIMITED,ALU,Software & Services
ALTO METALS LIMITED,AME,Materials
ALTURA MINING LIMITED,AJM,Materials
ALUMINA LIMITED,AWC,Materials
AMA GROUP LIMITED,AMA,Commercial & Professional Services
AMAERO INTERNATIONAL LTD,3DA,Capital Goods
AMANI GOLD LIMITED,ANL,Materials
AMAYSIM AUSTRALIA LIMITED,AYS,Utilities
AMBERTECH LIMITED,AMO,Technology Hardware & Equipment
AMBITION GROUP LIMITED,AMB,Commercial & Professional Services
AMCIL LIMITED,AMH,Not Applic
AMCOR PLC,AMC,Materials
AMERICAN PACIFIC BORATES LIMITED,ABR,Materials
AMERICAN RARE EARTHS LIMITED,ARR,Materials
AML3D LIMITED,AL3,Capital Goods
AMP LIMITED,AMP,Diversified Financials
AMPLIA THERAPEUTICS LIMITED,ATX,"Pharmaceuticals, Biotechnology & Life Sciences"
AMPOL LIMITED,ALD,Energy
ANALYTICA LIMITED,ALT,Health Care Equipment & Services
ANATARA LIFESCIENCES LTD,ANR,"Pharmaceuticals, Biotechnology & Life Sciences"
ANDROMEDA METALS LIMITED,ADN,Materials
ANEKA TAMBANG (PERSERO) TBK (PT),ATM,Materials
ANGEL SEAFOOD HOLDINGS LTD,AS1,"Food, Beverage & Tobacco"
ANGLO AUSTRALIAN RESOURCES NL,AAR,Materials
ANGLOGOLD ASHANTI LIMITED,AGG,Materials
ANOVA METALS LIMITED,AWV,Materials
ANSELL LIMITED,ANN,Health Care Equipment & Services
ANSILA ENERGY NL,ANA,Energy
ANSON RESOURCES LIMITED,ASN,Materials
ANTEOTECH LTD,ADO,"Pharmaceuticals, Biotechnology & Life Sciences"
ANTERIS TECHNOLOGIES LTD,AVR,Health Care Equipment & Services
ANTIPA MINERALS LIMITED,AZY,Materials
ANTIPODES GLOBAL INVESTMENT COMPANY LTD,APL,Not Applic
ANTISENSE THERAPEUTICS LIMITED,ANP,"Pharmaceuticals, Biotechnology & Life Sciences"
APA GROUP,APA,Utilities
APIAM ANIMAL HEALTH LIMITED,AHX,Health Care Equipment & Services
APN CONVENIENCE RETAIL REIT,AQR,Real Estate
APN INDUSTRIA REIT,ADI,Real Estate
APN PROPERTY GROUP,APD,Diversified Financials
APOLLO CONSOLIDATED LIMITED,AOP,Materials
APOLLO MINERALS LIMITED,AON,Materials
APOLLO SERIES 2013-1 TRUST,AOR,Not Applic
APOLLO SERIES 2015-1 TRUST,AOL,Not Applic
APOLLO SERIES 2017-2 TRUST,AO2,Not Applic
APOLLO SERIES 2018-1 TRUST,AO3,Not Applic
APOLLO TOURISM & LEISURE LTD,ATL,Automobiles & Components
APPEN LIMITED,APX,Software & Services
APPSVILLAGE AUSTRALIA LIMITED,APV,Software & Services
AQUIS ENTERTAINMENT LIMITED,AQS,Consumer Services
ARAFURA RESOURCES LIMITED,ARU,Materials
ARB CORPORATION LIMITED.,ARB,Automobiles & Components
ARCHER MATERIALS LIMITED,AXE,Materials
ARCHTIS LIMITED,AR9,Software & Services
ARDEA RESOURCES LIMITED,ARL,Materials
ARDENT LEISURE GROUP LIMITED,ALG,Consumer Services
ARDIDEN LTD,ADV,Materials
ARENA REIT.,ARF,Real Estate
ARGENT MINERALS LIMITED,ARD,Materials
ARGO EXPLORATION LIMITED,AXT,Materials
ARGO GLOBAL LISTED INFRASTRUCTURE LIMITED,ALI,Not Applic
ARGO INVESTMENTS LIMITED,ARG,Not Applic
ARGONAUT RESOURCES NL,ARE,Materials
ARGOSY MINERALS LIMITED,AGY,Materials
ARIADNE AUSTRALIA LIMITED,ARA,Commercial & Professional Services
ARISTOCRAT LEISURE LIMITED,ALL,Consumer Services
ARK MINES LIMITED,AHK,Materials
ARMOUR ENERGY LIMITED,AJQ,Energy
AROA BIOSURGERY LIMITED,ARX,"Pharmaceuticals, Biotechnology & Life Sciences"
ARROW MINERALS LTD,AMD,Materials
ARTEMIS RESOURCES LIMITED,ARV,Materials
ARUMA RESOURCES LIMITED,AAJ,Materials
ASALEO CARE LIMITED,AHY,Household & Personal Products
ASAPLUS RESOURCES LIMITED,AJY,Materials
ASF GROUP LIMITED,AFA,Diversified Financials
ASHLEY SERVICES GROUP LIMITED,ASH,Commercial & Professional Services
ASIAN AMERICAN MEDICAL GROUP LIMITED,AJJ,Health Care Equipment & Services
ASIAN DEVELOPMENT BANK,ATB,Not Applic
ASPEN GROUP,APZ,Real Estate
ASPERMONT LIMITED.,ASP,Media & Entertainment
ASPIRE MINING LIMITED,AKM,Materials
ASSETOWL LIMITED,AO1,Software & Services
ASTIVITA LIMITED,AIR,Capital Goods
ASTRO RESOURCES NL,ARO,Materials
ASTRON CORPORATION LIMITED,ATR,Materials
ASX LIMITED,ASX,Diversified Financials
ATHENA RESOURCES LIMITED,AHN,Materials
ATLAS ARTERIA,ALX,Transportation
ATLAS PEARLS LTD,ATP,Consumer Durables & Apparel
ATOMO DIAGNOSTICS LIMITED,AT1,Health Care Equipment & Services
ATOMOS LIMITED,AMS,Consumer Durables & Apparel
ATRUM COAL LIMITED,ATU,Materials
AUB GROUP LIMITED,AUB,Insurance
AUCKLAND INTERNATIONAL AIRPORT LIMITED,AIA,Transportation
AUCTUS INVESTMENT GROUP LIMITED,AVC,Diversified Financials
AUDALIA RESOURCES LIMITED,ACP,Materials
AUDINATE GROUP LIMITED,AD8,Technology Hardware & Equipment
AUDIO PIXELS HOLDINGS LIMITED,AKP,Consumer Durables & Apparel
AUKING MINING LIMITED,AKN,Materials
AUMAKE INTERNATIONAL LIMITED,AU8,Retailing
AURA ENERGY LIMITED,AEE,Energy
AURELIA METALS LIMITED,AMI,Materials
AURIS MINERALS LIMITED,AUR,Materials
AURIZON HOLDINGS LIMITED,AZJ,Transportation
AUROCH MINERALS LTD,AOU,Materials
AURORA ABSOLUTE RETURN FUND,ABW,Not Applic
AURORA GLOBAL INCOME TRUST,AIB,Not Applic
AURORA LABS LIMITED,A3D,Capital Goods
AURORA MINERALS LIMITED,ARM,Materials
AURORA PROPERTY BUY-WRITE INCOME TRUST,AUP,Not Applic
AUS TIN MINING LTD,ANW,Materials
AUSCANN GROUP HOLDINGS LTD,AC8,"Pharmaceuticals, Biotechnology & Life Sciences"
AUSGOLD LIMITED,AUC,Materials
AUSMEX MINING GROUP LIMITED,AMG,Materials
AUSMON RESOURCES LIMITED,AOA,Materials
AUSNET SERVICES HOLDINGS PTY LTD,ANV,Not Applic
AUSNET SERVICES LIMITED,AST,Utilities
AUSQUEST LIMITED,AQD,Materials
AUSTAL LIMITED,ASB,Capital Goods
AUSTAR GOLD LIMITED,AUL,Materials
AUSTCHINA HOLDINGS LIMITED,AUH,Energy
AUSTIN ENGINEERING LIMITED,ANG,Capital Goods
AUSTPAC RESOURCES NL,APG,Materials
AUSTRAL GOLD LIMITED,AGD,Materials
AUSTRALIA AND NEW ZEALAND BANKING GROUP LIMITED,ANZ,Banks
AUSTRALIA UNITED MINING LIMITED,AYM,Materials
AUSTRALIAN AGRICULTURAL COMPANY LIMITED.,AAC,"Food, Beverage & Tobacco"
AUSTRALIAN AGRICULTURAL PROJECTS LIMITED,AAP,"Food, Beverage & Tobacco"
AUSTRALIAN BAUXITE LIMITED.,ABX,Materials
AUSTRALIAN COMMONWEALTH GOVERNMENT LOANS,XCL,Not Applic
AUSTRALIAN DAIRY NUTRITIONALS GROUP,AHF,"Food, Beverage & Tobacco"
AUSTRALIAN ENHANCED INCOME FUND,AYF,Not Applic
AUSTRALIAN ETHICAL INVESTMENT LIMITED,AEF,Diversified Financials
AUSTRALIAN FINANCE GROUP LTD,AFG,Banks
AUSTRALIAN FOUNDATION INVESTMENT COMPANY LIMITED,AFI,Not Applic
AUSTRALIAN GOVERNANCE & ETHICAL INDEX FUND,AGM,Not Applic
AUSTRALIAN LEADERS FUND LIMITED,ALF,Not Applic
AUSTRALIAN MINES LIMITED,AUZ,Materials
AUSTRALIAN PACIFIC COAL LIMITED,AQC,Materials
AUSTRALIAN PHARMACEUTICAL INDUSTRIES LIMITED,API,Health Care Equipment & Services
AUSTRALIAN POTASH LIMITED,APC,Materials
AUSTRALIAN PRIMARY HEMP LIMITED,APH,"Food, Beverage & Tobacco"
AUSTRALIAN RURAL CAPITAL LIMITED,ARC,Diversified Financials
AUSTRALIAN SILICA QUARTZ GROUP LTD,ASQ,Materials
AUSTRALIAN STRATEGIC MATERIALS LIMITED,ASM,Materials
AUSTRALIAN UNITED INVESTMENT COMPANY LIMITED,AUI,Not Applic
AUSTRALIAN UNITY LIMITED,AYU,Not Applic
AUSTRALIAN UNITY OFFICE FUND,AOF,Real Estate
AUSTRALIAN VANADIUM LIMITED,AVL,Materials
AUSTRALIAN VINTAGE LTD,AVG,"Food, Beverage & Tobacco"
AUSTRALIS OIL & GAS LIMITED,ATS,Energy
AUSTSINO RESOURCES GROUP LIMITED,ANS,Materials
AUSWIDE BANK LTD,ABA,Banks
AUTECO MINERALS LTD,AUT,Materials
AUTHORISED INVESTMENT FUND LIMITED,AIY,Not Applic
AUTOSPORTS GROUP LIMITED.,ASG,Retailing
AVA RISK GROUP LIMITED,AVA,Technology Hardware & Equipment
AVECHO BIOTECHNOLOGY LIMITED,AVE,"Pharmaceuticals, Biotechnology & Life Sciences"
AVENIRA LIMITED,AEV,Materials
AVENTUS GROUP,AVN,Real Estate
AVIRA RESOURCES LTD,AVW,Materials
"AVITA THERAPEUTICS, INC.",AVH,"Pharmaceuticals, Biotechnology & Life Sciences"
AVJENNINGS LIMITED,AVJ,Real Estate
AVZ MINERALS LIMITED,AVZ,Materials
AWN HOLDINGS LIMITED,AWN,Capital Goods
AXIOM MINING LIMITED,AVQ,Materials
AXIOM PROPERTIES LIMITED,AXI,Real Estate
AZURE HEALTHCARE LIMITED,AZV,Health Care Equipment & Services
AZURE MINERALS LIMITED,AZS,Materials
BABY BUNTING GROUP LIMITED,BBN,Retailing
BABYLON PUMP & POWER LIMITED,BPP,Capital Goods
BAILADOR TECHNOLOGY INVESTMENTS LIMITED,BTI,Diversified Financials
BANK OF QUEENSLAND LIMITED.,BOQ,Banks
BANNERMAN RESOURCES LIMITED,BMN,Energy
BAPCOR LIMITED,BAP,Retailing
BARD1 LIFE SCIENCES LIMITED,BD1,Health Care Equipment & Services
BARDOC GOLD LIMITED,BDC,Materials
BARRA RESOURCES LIMITED,BAR,Materials
BASE RESOURCES LIMITED,BSE,Materials
BASS METALS LTD,BSM,Materials
BASS OIL LIMITED,BAS,Energy
BASSARI RESOURCES LIMITED,BSR,Materials
BATHURST RESOURCES LIMITED.,BRL,Materials
BATTERY MINERALS LIMITED,BAT,Materials
BAUMART HOLDINGS LIMITED,BMH,Capital Goods
BBX MINERALS LIMITED,BBX,Materials
BCI MINERALS LIMITED,BCI,Materials
BEACH ENERGY LIMITED,BPT,Energy
BEACON LIGHTING GROUP LIMITED,BLX,Retailing
BEACON MINERALS LIMITED,BCN,Materials
BEAM COMMUNICATIONS HOLDINGS LIMITED,BCC,Technology Hardware & Equipment
BEGA CHEESE LIMITED,BGA,"Food, Beverage & Tobacco"
BELL FINANCIAL GROUP LIMITED,BFG,Diversified Financials
BELLEVUE GOLD LIMITED,BGL,Materials
BENDIGO AND ADELAIDE BANK LIMITED,BEN,Banks
BENJAMIN HORNIGOLD LIMITED,BHD,Not Applic
BENTLEY CAPITAL LIMITED,BEL,Not Applic
BERKELEY ENERGIA LIMITED,BKY,Energy
BESTON GLOBAL FOOD COMPANY LIMITED,BFC,"Food, Beverage & Tobacco"
BETMAKERS TECHNOLOGY GROUP LTD,BET,Consumer Services
BEYOND INTERNATIONAL LIMITED,BYI,Media & Entertainment
BHP GROUP LIMITED,BHP,Materials
BIDENERGY LIMITED,BID,Software & Services
BIG RIVER GOLD LTD,BRV,Materials
BIG RIVER INDUSTRIES LIMITED,BRI,Materials
BIGTINCAN HOLDINGS LIMITED,BTH,Software & Services
BINGO INDUSTRIES LIMITED,BIN,Commercial & Professional Services
BIO-GENE TECHNOLOGY LTD,BGT,Materials
BIONOMICS LIMITED,BNO,"Pharmaceuticals, Biotechnology & Life Sciences"
BIOTRON LIMITED,BIT,"Pharmaceuticals, Biotechnology & Life Sciences"
BIOXYNE LIMITED,BXN,Household & Personal Products
BIR FINANCIAL LIMITED,BIR,Diversified Financials
BISALLOY STEEL GROUP LIMITED,BIS,Materials
BKI INVESTMENT COMPANY LIMITED,BKI,Not Applic
BLACK CAT SYNDICATE LIMITED,BC8,Materials
BLACK DRAGON GOLD CORP.,BDG,Materials
BLACK ROCK MINING LIMITED,BKT,Materials
BLACK STAR PETROLEUM LIMITED,BSP,Energy
BLACKEARTH MINERALS NL,BEM,Materials
BLACKMORES LIMITED,BKL,Household & Personal Products
BLACKSTONE MINERALS LIMITED,BSX,Materials
BLACKWALL LIMITED,BWF,Diversified Financials
BLACKWALL PROPERTY TRUST,BWR,Real Estate
BLAZE INTERNATIONAL LIMITED,BLZ,Energy
BLINA MINERALS NL,BDI,Materials
BLUE ENERGY LIMITED.,BLU,Energy
BLUE SKY ALTERNATIVE INVESTMENTS LIMITED,BLA,Diversified Financials
BLUE SKY ALTERNATIVES ACCESS FUND LIMITED,BAF,Not Applic
BLUE STAR HELIUM LIMITED,BNL,Energy
BLUECHIIP LIMITED,BCT,Technology Hardware & Equipment
BLUESCOPE STEEL LIMITED,BSL,Materials
BLUGLASS LIMITED,BLG,Semiconductors & Semiconductor Equipment
BMG RESOURCES LIMITED,BMG,Materials
BNK BANKING CORPORATION LIMITED,BBC,Banks
BOADICEA RESOURCES LIMITED,BOA,Materials
BOART LONGYEAR LIMITED,BLY,Materials
BOD AUSTRALIA LIMITED,BDA,Retailing
BOOM LOGISTICS LIMITED,BOL,Capital Goods
BORAL LIMITED.,BLD,Materials
BOSS RESOURCES LIMITED,BOE,Materials
BOTANIX PHARMACEUTICALS LTD,BOT,"Pharmaceuticals, Biotechnology & Life Sciences"
BOUGAINVILLE COPPER LIMITED,BOC,Materials
BOUNTY MINING LIMITED,B2Y,Materials
BOUNTY OIL & GAS NL,BUY,Energy
BOWEN COKING COAL LIMITED,BCB,Materials
BOYUAN HOLDINGS LIMITED,BHL,Real Estate
BPH ENERGY LTD,BPH,"Pharmaceuticals, Biotechnology & Life Sciences"
BRAINCHIP HOLDINGS LTD,BRN,Software & Services
BRAMBLES LIMITED,BXB,Commercial & Professional Services
BRAVURA SOLUTIONS LIMITED.,BVS,Software & Services
BREAKER RESOURCES NL,BRB,Materials
BREVILLE GROUP LIMITED,BRG,Consumer Durables & Apparel
BRICKWORKS LIMITED,BKW,Materials
BRISBANE BRONCOS LIMITED,BBL,Media & Entertainment
BRISCOE GROUP AUSTRALASIA LIMITED,BGP,Retailing
BROCKMAN MINING LIMITED,BCK,Materials
BROO LTD,BEE,"Food, Beverage & Tobacco"
BROOKSIDE ENERGY LIMITED,BRK,Energy
BRYAH RESOURCES LIMITED,BYH,Materials
BSA LIMITED,BSA,Commercial & Professional Services
BTC HEALTH LTD,BTC,Not Applic
BUBS AUSTRALIA LIMITED,BUB,"Food, Beverage & Tobacco"
BUDDY TECHNOLOGIES LTD,BUD,Software & Services
BUDERIM GROUP LIMITED,BUG,"Food, Beverage & Tobacco"
"BUILDINGIQ, INC",BIQ,Software & Services
BULLETIN RESOURCES LIMITED,BNR,Materials
BURU ENERGY LIMITED,BRU,Energy
BUXTON RESOURCES LIMITED,BUX,Materials
BWP TRUST,BWP,Real Estate
BWX LIMITED,BWX,Household & Personal Products
BYRON ENERGY LIMITED,BYE,Energy
CADENCE CAPITAL LIMITED,CDM,Not Applic
CAENEUS MINERALS LTD,CAD,Materials
CAISSE FRANCAISE DE FINANCEMENT LOCAL,DXA,Not Applic
CALIDUS RESOURCES LIMITED,CAI,Materials
CALIMA ENERGY LIMITED,CE1,Energy
CALIX LIMITED,CXL,Materials
CANDY CLUB HOLDINGS LIMITED,CLB,Food & Staples Retailing
CANN GLOBAL LIMITED,CGB,"Pharmaceuticals, Biotechnology & Life Sciences"
CANN GROUP LIMITED,CAN,"Pharmaceuticals, Biotechnology & Life Sciences"
CANNINDAH RESOURCES LIMITED,CAE,Materials
CANNPAL ANIMAL THERAPEUTICS LIMITED,CP1,"Pharmaceuticals, Biotechnology & Life Sciences"
CANTERBURY RESOURCES LIMITED,CBY,Materials
CANYON RESOURCES LIMITED,CAY,Materials
CAPE LAMBERT RESOURCES LIMITED,CFE,Materials
CAPE RANGE LTD,CAG,Software & Services
CAPITOL HEALTH LIMITED,CAJ,Health Care Equipment & Services
CAPRAL LIMITED,CAA,Materials
CAPRICE RESOURCES LTD,CRS,Materials
CAPRICORN METALS LTD,CMM,Materials
CAQ HOLDINGS LIMITED,CAQ,Real Estate
CARAVEL MINERALS LIMITED,CVV,Materials
CARAWINE RESOURCES LIMITED,CWX,Materials
CARBINE RESOURCES LIMITED,CRB,Materials
CARBON MINERALS LIMITED,CRM,Energy
CARBON REVOLUTION LIMITED,CBR,Automobiles & Components
CARBONXT GROUP LIMITED,CG1,Materials
CARDIEX LIMITED,CDX,Health Care Equipment & Services
CARDINAL RESOURCES LIMITED,CDV,Materials
CARDNO LIMITED,CDD,Commercial & Professional Services
CARINDALE PROPERTY TRUST,CDP,Real Estate
CARLTON INVESTMENTS LIMITED,CIN,Not Applic
CARNABY RESOURCES LIMITED,CNB,Materials
CARNARVON PETROLEUM LIMITED,CVN,Energy
CARNAVALE RESOURCES LIMITED,CAV,Materials
CARNEGIE CLEAN ENERGY LIMITED,CCE,Utilities
CARPENTARIA RESOURCES LTD,CAP,Materials
CARSALES.COM LIMITED.,CAR,Media & Entertainment
CASH CONVERTERS INTERNATIONAL,CCV,Diversified Financials
CASHWERKZ LIMITED,CWZ,Diversified Financials
CASSINI RESOURCES LIMITED,CZI,Materials
CASSIUS MINING LIMITED,CMD,Materials
CASTILE RESOURCES LTD,CST,Materials
CASTILLO COPPER LIMITED,CCZ,Materials
CASTLE MINERALS LIMITED,CDT,Materials
CATALYST METALS LIMITED,CYL,Materials
CATAPULT GROUP INTERNATIONAL LTD,CAT,Technology Hardware & Equipment
CAULDRON ENERGY LIMITED,CXU,Energy
CAZALY RESOURCES LIMITED,CAZ,Materials
CEDAR WOODS PROPERTIES LIMITED,CWP,Real Estate
CELAMIN HOLDINGS LIMITED,CNL,Materials
CELLMID LIMITED,CDY,"Pharmaceuticals, Biotechnology & Life Sciences"
CELLNET GROUP LIMITED,CLT,Technology Hardware & Equipment
CELSIUS RESOURCES LIMITED.,CLA,Materials
CENTAURUS METALS LIMITED,CTM,Materials
CENTRAL PETROLEUM LIMITED,CTP,Energy
CENTREPOINT ALLIANCE LIMITED,CAF,Diversified Financials
CENTREX METALS LIMITED,CXM,Materials
CENTURIA CAPITAL GROUP,CNI,Diversified Financials
CENTURIA INDUSTRIAL REIT,CIP,Real Estate
CENTURIA OFFICE REIT,COF,Real Estate
CERVANTES CORPORATION LIMITED,CVS,Materials
CFOAM LIMITED,CFO,Capital Goods
CHALICE GOLD MINES LIMITED,CHN,Materials
CHALLENGER EXPLORATION LIMITED,CEL,Energy
CHALLENGER LIMITED,CGF,Diversified Financials
CHALLENGER MILLENNIUM SERIES 2007-1E TRUST,CHJ,Not Applic
CHALLENGER MILLENNIUM SERIES 2007-2L TRUST,CHU,Not Applic
CHAMPION IRON LIMITED,CIA,Materials
CHANGE FINANCIAL LIMITED,CCA,Software & Services
CHARTER HALL GROUP,CHC,Real Estate
CHARTER HALL LONG WALE REIT,CLW,Real Estate
CHARTER HALL RETAIL REIT,CQR,Real Estate
CHARTER HALL SOCIAL INFRASTRUCTURE REIT,CQE,Real Estate
CHASE MINING CORPORATION LIMITED,CML,Materials
CHESSER RESOURCES LIMITED,CHZ,Materials
CHINA CONSTRUCTION BANK CORPORATION,CCB,Not Applic
CHINA MAGNESIUM CORPORATION LIMITED,CMC,Materials
CHONGHERR INVESTMENTS LTD,CDH,Materials
CHORUS LIMITED,CNU,Telecommunication Services
CI RESOURCES LIMITED,CII,Materials
CIMIC GROUP LIMITED,CIM,Capital Goods
CIPHERPOINT LIMITED,CPT,Software & Services
CIRRALTO LIMITED,CRO,Software & Services
CIRRUS NETWORKS HOLDINGS LIMITED,CNW,Software & Services
CITIGOLD CORPORATION LIMITED,CTO,Materials
CITY CHIC COLLECTIVE LIMITED,CCX,Retailing
CIVMEC LIMITED,CVL,Capital Goods
CLASS LIMITED,CL1,Software & Services
CLASSIC MINERALS LTD,CLZ,Materials
CLEAN SEAS SEAFOOD LIMITED,CSS,"Food, Beverage & Tobacco"
CLEAN TEQ HOLDINGS LIMITED,CLQ,Commercial & Professional Services
CLEANAWAY WASTE MANAGEMENT LIMITED,CWY,Commercial & Professional Services
CLEARVIEW WEALTH LIMITED,CVW,Diversified Financials
CLEARVUE TECHNOLOGIES LIMITED,CPV,Capital Goods
CLIME CAPITAL LIMITED,CAM,Not Applic
CLIME INVESTMENT MANAGEMENT LTD,CIW,Diversified Financials
CLINUVEL PHARMACEUTICALS LIMITED,CUV,"Pharmaceuticals, Biotechnology & Life Sciences"
CLOVER CORPORATION LIMITED,CLV,Materials
CML GROUP LIMITED,CGR,Diversified Financials
COBALT BLUE HOLDINGS LIMITED,COB,Materials
COBRE LIMITED,CBE,Materials
COCA-COLA AMATIL LIMITED,CCL,"Food, Beverage & Tobacco"
COCHLEAR LIMITED,COH,Health Care Equipment & Services
CODAN LIMITED,CDA,Technology Hardware & Equipment
COGSTATE LTD,CGS,Health Care Equipment & Services
COHIBA MINERALS LIMITED,CHK,Materials
COKAL LIMITED,CKA,Materials
COLES GROUP LIMITED.,COL,Food & Staples Retailing
COLLABORATE CORPORATION LIMITED,CL8,Retailing
COLLECTION HOUSE LIMITED,CLH,Diversified Financials
COLLINS FOODS LIMITED,CKF,Consumer Services
COMET RESOURCES LIMITED,CRL,Materials
COMET RIDGE LIMITED,COI,Energy
COMMONWEALTH BANK OF AUSTRALIA.,CBA,Banks
COMMSCHOICE GROUP LIMITED,CCG,Software & Services
COMPUMEDICS LIMITED,CMP,Health Care Equipment & Services
COMPUTERSHARE LIMITED.,CPU,Software & Services
CONCENTRATED LEADERS FUND LIMITED,CLF,Not Applic
CONICO LTD,CNJ,Materials
CONNECTED IO LIMITED,CIO,Technology Hardware & Equipment
CONNEXION TELEMATICS LTD,CXZ,Software & Services
CONSOLIDATED FINANCIAL HOLDINGS LIMITED,CWL,Software & Services
CONSOLIDATED OPERATIONS GROUP LIMITED,COG,Diversified Financials
CONSOLIDATED TIN MINES LIMITED,CSD,Materials
CONSOLIDATED ZINC LIMITED,CZL,Materials
CONSTELLATION RESOURCES LIMITED,CR1,Materials
CONSTELLATION TECHNOLOGIES LIMITED,CT1,Technology Hardware & Equipment
CONTACT ENERGY LIMITED,CEN,Utilities
CONTANGO ASSET MANAGEMENT LIMITED,CGA,Diversified Financials
CONTANGO INCOME GENERATOR  LIMITED,CIE,Not Applic
CONTRARIAN VALUE FUND LIMITED,CVF,Not Applic
COOPER ENERGY LIMITED,COE,Energy
COPPER MOUNTAIN MINING CORPORATION,C6C,Materials
COPPER STRIKE LIMITED,CSE,Materials
COPPERMOLY LIMITED,COY,Materials
CORAZON MINING LIMITED,CZN,Materials
CORDISH DIXON PRIVATE EQUITY FUND I,CD1,Not Applic
CORDISH DIXON PRIVATE EQUITY FUND II,CD2,Not Applic
CORDISH DIXON PRIVATE EQUITY FUND III,CD3,Not Applic
CORE LITHIUM LTD,CXO,Materials
CORONADO GLOBAL RESOURCES INC.,CRN,Materials
CORPORATE TRAVEL MANAGEMENT LIMITED,CTD,Consumer Services
CORUM GROUP LIMITED,COO,Software & Services
COSOL LIMITED,COS,Software & Services
COSTA GROUP HOLDINGS LIMITED,CGC,"Food, Beverage & Tobacco"
COUGAR METALS NL,CGM,Materials
COUNTPLUS LIMITED,CUP,Commercial & Professional Services
COUNTY INTERNATIONAL LIMITED,CCJ,Energy
COVENTRY GROUP LIMITED,CYG,Capital Goods
COZIRON RESOURCES LIMITED,CZR,Materials
CPT GLOBAL LIMITED,CGO,Software & Services
CRADLE RESOURCES LIMITED,CXX,Materials
CRATER GOLD MINING LIMITED,CGN,Materials
CREDIT CORP GROUP LIMITED,CCP,Diversified Financials
CREDIT INTELLIGENCE LTD,CI1,Commercial & Professional Services
CRESO PHARMA LIMITED,CPH,"Pharmaceuticals, Biotechnology & Life Sciences"
CROMWELL PROPERTY GROUP,CMW,Real Estate
CRONOS AUSTRALIA LIMITED,CAU,Health Care Equipment & Services
CROPLOGIC LIMITED,CLI,Commercial & Professional Services
CROWD MEDIA HOLDINGS LIMITED,CM8,Media & Entertainment
CROWN RESORTS LIMITED,CWN,Consumer Services
CRUSADE ABS SERIES 2016-1 TRUST,CU1,Not Applic
CRUSADE ABS SERIES 2017-1 TRUST,CU2,Not Applic
CRYOSITE LIMITED,CTE,"Pharmaceuticals, Biotechnology & Life Sciences"
CSL LIMITED,CSL,"Pharmaceuticals, Biotechnology & Life Sciences"
CSR LIMITED,CSR,Materials
CTI LOGISTICS LIMITED,CLX,Transportation
CUE ENERGY RESOURCES LIMITED,CUE,Energy
CULLEN RESOURCES LIMITED,CUL,Materials
CV CHECK LTD,CV1,Software & Services
CVC LIMITED,CVC,Diversified Financials
CYCLIQ GROUP LTD,CYQ,Consumer Durables & Apparel
CYCLOPHARM LIMITED,CYC,Health Care Equipment & Services
CYGNUS GOLD LIMITED,CY5,Materials
CYNATA THERAPEUTICS LIMITED,CYP,"Pharmaceuticals, Biotechnology & Life Sciences"
CYPRIUM METALS LIMITED,CYM,Materials
DACIAN GOLD LIMITED,DCN,Materials
DAMPIER GOLD LIMITED,DAU,Materials
DAMSTRA HOLDINGS LIMITED,DTC,Software & Services
DANAKALI LIMITED,DNK,Materials
DARK HORSE RESOURCES LIMITED,DHR,Materials
DART MINING NL,DTM,Materials
DATA#3 LIMITED,DTL,Software & Services
DATADOT TECHNOLOGY LIMITED,DDT,Automobiles & Components
DATELINE RESOURCES LIMITED,DTR,Materials
DAVENPORT RESOURCES LIMITED,DAV,Materials
DE GREY MINING LIMITED,DEG,Materials
DE.MEM LIMITED,DEM,Utilities
DECMIL GROUP LIMITED,DCG,Capital Goods
DEEP YELLOW LIMITED,DYL,Energy
DELAWARE THIRTEEN LTD,D13,Capital Goods
DELECTA LIMITED,DLC,Retailing
DESANE GROUP HOLDINGS LIMITED,DGH,Real Estate
DEVEX RESOURCES LIMITED,DEV,Energy
DEVINE LIMITED,DVN,Real Estate
DEXUS,DXS,Real Estate
DGO GOLD LIMITED,DGO,Materials
DGR GLOBAL LIMITED,DGR,Materials
DIATREME RESOURCES LIMITED,DRX,Materials
DICKER DATA LIMITED,DDR,Technology Hardware & Equipment
DIGITAL WINE VENTURES LIMITED,DW8,Retailing
DIGITALX LIMITED,DCC,Software & Services
DIMERIX LIMITED,DXB,"Pharmaceuticals, Biotechnology & Life Sciences"
DISCOVERY AFRICA LIMITED,DAF,Materials
DISCOVEX RESOURCES LIMITED,DCX,Materials
DIVERSIFIED UNITED INVESTMENT LIMITED,DUI,Not Applic
DJERRIWARRH INVESTMENTS LIMITED,DJW,Not Applic
DOMACOM LIMITED,DCL,Diversified Financials
DOMAIN HOLDINGS AUSTRALIA LIMITED.,DHG,Media & Entertainment
DOME GOLD MINES LIMITED,DME,Materials
DOMINO'S PIZZA ENTERPRISES LIMITED,DMP,Consumer Services
DONACO INTERNATIONAL LIMITED,DNA,Consumer Services
DONGFANG MODERN AGRICULTURE HOLDING GROUP LIMITED,DFM,"Food, Beverage & Tobacco"
DORIEMUS PLC,DOR,Energy
DORSAVI LTD,DVL,"Pharmaceuticals, Biotechnology & Life Sciences"
DOTZ NANO LIMITED,DTZ,Semiconductors & Semiconductor Equipment
DOWNER EDI LIMITED,DOW,Commercial & Professional Services
DOWNER GROUP FINANCE PTY LIMITED,DGF,Not Applic
DRAGON MOUNTAIN GOLD LIMITED,DMG,Materials
DRAGONTAIL SYSTEMS LIMITED,DTS,Software & Services
DREADNOUGHT RESOURCES LTD,DRE,Materials
DRIVER AUSTRALIA FIVE TRUST,DA1,Not Applic
DRIVER AUSTRALIA FOUR TRUST,DAZ,Not Applic
DRIVER AUSTRALIA MASTER TRUST,DAM,Not Applic
DRIVER AUSTRALIA SIX TRUST,DAS,Not Applic
DRONESHIELD LIMITED,DRO,Capital Goods
DROPSUITE LIMITED,DSE,Software & Services
DTI GROUP LTD,DTI,Technology Hardware & Equipment
DUBBER CORPORATION LIMITED,DUB,Software & Services
DUG TECHNOLOGY LTD,DUG,Class Pend
DUKETON MINING LIMITED,DKM,Materials
DUXTON BROADACRE FARMS LIMITED,DBF,"Food, Beverage & Tobacco"
DUXTON WATER LIMITED,D2O,Utilities
DWS LIMITED,DWS,Software & Services
DXN LIMITED,DXN,Software & Services
DYNAMIC DRILL AND BLAST HOLDINGS LIMITED,DDB,Capital Goods
E2 METALS LIMITED,E2M,Materials
EAGERS AUTOMOTIVE LIMITED,APE,Retailing
EAGLE HEALTH HOLDINGS LIMITED,EHH,Household & Personal Products
EAGLE MOUNTAIN MINING LIMITED,EM2,Materials
EAST ENERGY RESOURCES LIMITED,EER,Energy
EASTERN IRON LIMITED,EFE,Materials
EASTON INVESTMENTS LIMITED,EAS,Diversified Financials
EBOS GROUP LIMITED,EBO,Health Care Equipment & Services
ECARGO HOLDINGS LIMITED,ECG,Commercial & Professional Services
ECLIPSE METALS LIMITED.,EPM,Energy
ECLIPX GROUP LIMITED,ECX,Diversified Financials
ECO SYSTEMS LTD,ESL,Real Estate
ECOFIBRE LIMITED,EOF,"Pharmaceuticals, Biotechnology & Life Sciences"
ECOGRAF LIMITED,EGR,Materials
ECP EMERGING GROWTH LIMITED,ECP,Not Applic
ECS BOTANICS HOLDINGS LTD,ECS,"Pharmaceuticals, Biotechnology & Life Sciences"
EDEN INNOVATIONS LTD,EDE,Energy
EHR RESOURCES LIMITED,EHX,Materials
EILDON CAPITAL GROUP,EDC,Diversified Financials
ELANOR COMMERCIAL PROPERTY FUND,ECF,Real Estate
ELANOR INVESTORS GROUP,ENN,Consumer Services
ELANOR RETAIL PROPERTY FUND,ERF,Real Estate
ELDERS LIMITED,ELD,"Food, Beverage & Tobacco"
ELECTRO OPTIC SYSTEMS HOLDINGS LIMITED,EOS,Capital Goods
ELEMENT 25 LIMITED,E25,Materials
ELEMENTOS LIMITED,ELT,Materials
ELIXINOL GLOBAL LIMITED,EXL,Household & Personal Products
ELIXIR ENERGY LIMITED,EXR,Energy
ELLERSTON ASIAN INVESTMENTS LIMITED,EAI,Not Applic
ELLERSTON GLOBAL INVESTMENTS LIMITED,EGI,Not Applic
ELMO SOFTWARE LIMITED,ELO,Software & Services
ELMORE LTD,ELE,Materials
ELSIGHT LIMITED,ELS,Technology Hardware & Equipment
EMBELTON LIMITED,EMB,Capital Goods
EMECO HOLDINGS LIMITED,EHL,Capital Goods
EMERALD CLINICS LIMITED,EMD,Health Care Equipment & Services
EMERALD RESOURCES NL,EMR,Materials
EMERGE GAMING LIMITED,EM1,Media & Entertainment
EMETALS LIMITED,EMT,Not Applic
EMIRATES NBD PJSC,EMI,Not Applic
EML PAYMENTS LIMITED,EML,Software & Services
EMMERSON RESOURCES LIMITED,ERM,Materials
EMPEROR ENERGY LIMITED,EMP,Energy
EMPIRE ENERGY GROUP LIMITED,EEG,Energy
EMPIRE RESOURCES LIMITED,ERL,Materials
EMPIRED LTD,EPD,Software & Services
EMU NL,EMU,Materials
EMVISION MEDICAL DEVICES LTD,EMV,Health Care Equipment & Services
ENCOUNTER RESOURCES LIMITED,ENR,Materials
ENEABBA GAS LIMITED,ENB,Utilities
ENECO REFRESH LTD,ERG,"Food, Beverage & Tobacco"
ENEGEX LIMITED,ENX,Energy
ENERGY ACTION LIMITED,EAX,Commercial & Professional Services
ENERGY METALS LTD,EME,Energy
ENERGY ONE LIMITED,EOL,Software & Services
ENERGY RESOURCES OF AUSTRALIA LIMITED,ERA,Energy
ENERGY TECHNOLOGIES LIMITED,EGY,Capital Goods
ENERGY WORLD CORPORATION LTD,EWC,Utilities
ENERO GROUP LIMITED,EGG,Media & Entertainment
ENEVIS LIMITED,ENE,Capital Goods
ENGAGE:BDR LIMITED,EN1,Media & Entertainment
ENGENCO LIMITED,EGN,Capital Goods
ENNOX GROUP LTD,EXO,Diversified Financials
ENOVA MINING LIMITED,ENV,Materials
ENSURANCE LTD,ENA,Insurance
ENTERPRISE METALS LIMITED,ENT,Materials
ENVIRONMENTAL CLEAN TECHNOLOGIES LIMITED.,ECT,Commercial & Professional Services
ENVIRONMENTAL GROUP LIMITED (THE),EGL,Capital Goods
ENVIROSUITE LIMITED,EVS,Software & Services
EON NRG LIMITED,E2E,Energy
EQT HOLDINGS LIMITED,EQT,Diversified Financials
EQUATORIAL RESOURCES LIMITED,EQX,Materials
EQUUS MINING LIMITED,EQE,Materials
ESENSE-LAB LTD,ESE,"Pharmaceuticals, Biotechnology & Life Sciences"
ESPORTS MOGUL LIMITED,ESH,Media & Entertainment
ESSENTIAL METALS LIMITED,ESS,Materials
ESTIA HEALTH LIMITED,EHE,Health Care Equipment & Services
ESTRELLA RESOURCES LIMITED,ESR,Materials
ETHERSTACK PLC,ESK,Software & Services
EUMUNDI GROUP LIMITED,EBG,Consumer Services
EUREKA GROUP HOLDINGS LIMITED,EGH,Real Estate
EURO MANGANESE INC,EMN,Materials
EUROPEAN COBALT LTD,EUC,Materials
EUROPEAN LITHIUM LIMITED,EUR,Materials
EUROPEAN METALS HOLDINGS LIMITED,EMH,Materials
EUROZ LIMITED,EZL,Diversified Financials
EVANS & PARTNERS ASIA FUND,EAF,Not Applic
EVANS & PARTNERS AUSTRALIAN FLAGSHIP FUND,EFF,Not Applic
EVANS & PARTNERS GLOBAL DISRUPTION FUND,EGD,Not Applic
EVANS & PARTNERS GLOBAL FLAGSHIP FUND,EGF,Not Applic
EVANS DIXON LIMITED,ED1,Diversified Financials
EVE INVESTMENTS LIMITED,EVE,Diversified Financials
EVENT HOSPITALITY AND ENTERTAINMENT LTD,EVT,Media & Entertainment
EVOLUTION MINING LIMITED,EVN,Materials
EVOLVE EDUCATION GROUP LIMITED,EVO,Consumer Services
EVZ LIMITED,EVZ,Capital Goods
EXCELSIOR CAPITAL LTD,ECL,Capital Goods
EXOPHARM LIMITED,EX1,"Pharmaceuticals, Biotechnology & Life Sciences"
EXORE RESOURCES LTD,ERX,Materials
EXPERIENCE CO LIMITED,EXP,Consumer Services
FACTOR THERAPEUTICS LIMITED,FTT,"Pharmaceuticals, Biotechnology & Life Sciences"
FAMILY ZONE CYBER SAFETY LIMITED,FZO,Software & Services
FAR LIMITED,FAR,Energy
FARM PRIDE FOODS LIMITED,FRM,"Food, Beverage & Tobacco"
FARMAFORCE LIMITED,FFC,Health Care Equipment & Services
FASTER ENTERPRISES LTD,FE8,Real Estate
FAT PROPHETS GLOBAL CONTRARIAN FUND LTD,FPC,Not Applic
FAT PROPHETS GLOBAL PROPERTY FUND,FPP,Not Applic
FATFISH BLOCKCHAIN LIMITED,FFG,Diversified Financials
FBR LTD,FBR,Capital Goods
FE INVESTMENTS GROUP LIMITED,FEI,Diversified Financials
FE LIMITED,FEL,Materials
FENIX RESOURCES LTD,FEX,Materials
FERTOZ LIMITED,FTZ,Materials
FFI HOLDINGS LIMITED,FFI,"Food, Beverage & Tobacco"
FIDUCIAN GROUP LIMITED,FID,Diversified Financials
FIELD SOLUTIONS HOLDINGS LIMITED,FSG,Telecommunication Services
FIJI KAVA LIMITED,FIJ,Household & Personal Products
FIN RESOURCES LIMITED,FIN,Materials
FINBAR GROUP LIMITED,FRI,Real Estate
FINEOS CORPORATION HOLDINGS PLC,FCL,Software & Services
FINTECH CHAIN LIMITED,FTC,Software & Services
FIREFLY RESOURCES LIMITED,FFR,Materials
FIRST ABU DHABI BANK PJSC,FA2,Not Applic
FIRST AU LIMITED,FAU,Materials
FIRST GRAPHENE LIMITED,FGR,Materials
FIRSTMAC MORTGAGE FUNDING TRUST NO. 4 SERIES 1-2020,FM3,Not Applic
FIRSTMAC MORTGAGE FUNDING TRUST NO.4 SERIES 2-2019,FM2,Not Applic
FIRSTMAC MORTGAGE FUNDING TRUST NO.4 SERIES 3PP-2019,FM4,Not Applic
FIRSTWAVE CLOUD TECHNOLOGY LIMITED,FCT,Software & Services
FISHER & PAYKEL HEALTHCARE CORPORATION LIMITED,FPH,Health Care Equipment & Services
FITZROY RIVER CORPORATION LTD,FZR,Energy
FLAGSHIP INVESTMENTS LIMITED,FSI,Not Applic
FLAMINGO AI LIMITED,FGO,Software & Services
FLEETWOOD CORPORATION LIMITED,FWD,Consumer Durables & Apparel
FLETCHER BUILDING LIMITED,FBU,Materials
FLEXI ABS TRUST 2019-2,FA1,Not Applic
FLEXIGROUP LIMITED,FXL,Diversified Financials
FLEXIROAM LIMITED,FRX,Telecommunication Services
FLIGHT CENTRE TRAVEL GROUP LIMITED,FLT,Consumer Services
FLINDERS MINES LIMITED,FMS,Materials
FLUENCE CORPORATION LIMITED,FLC,Capital Goods
FOCUS MINERALS LTD,FML,Materials
FONTERRA SHAREHOLDERS' FUND,FSF,"Food, Beverage & Tobacco"
FORAGER AUSTRALIAN SHARES FUND,FOR,Not Applic
FORBIDDEN FOODS LIMITED,FFF,Class Pend
FORCE COMMODITIES LIMITED,4CE,Materials
FORTESCUE METALS GROUP LTD,FMG,Materials
FOUNDERS FIRST LIMITED,FFL,"Food, Beverage & Tobacco"
FREEDOM FOODS GROUP LIMITED,FNP,"Food, Beverage & Tobacco"
FREEDOM INSURANCE GROUP LTD,FIG,Insurance
FREEDOM OIL AND GAS LTD,FDM,Energy
FREEHILL MINING LIMITED.,FHS,Materials
FREELANCER LIMITED,FLN,Commercial & Professional Services
FREMONT PETROLEUM CORPORATION LIMITED,FPL,Energy
FRONTIER DIAMONDS LTD,FDX,Materials
FRONTIER DIGITAL VENTURES LIMITED,FDV,Media & Entertainment
FRONTIER RESOURCES LIMITED,FNT,Materials
FRUGL GROUP LIMITED,FGL,Software & Services
FSA GROUP LIMITED,FSA,Diversified Financials
FUNTASTIC LIMITED,FUN,Retailing
FUTURE GENERATION GLOBAL INVESTMENT COMPANY LIMITED,FGG,Not Applic
FUTURE GENERATION INVESTMENT COMPANY LIMITED,FGX,Not Applic
FYI RESOURCES LIMITED,FYI,Materials
G MEDICAL INNOVATIONS HOLDINGS LIMITED,GMV,Health Care Equipment & Services
G.U.D. HOLDINGS LIMITED,GUD,Automobiles & Components
G8 EDUCATION LIMITED,GEM,Consumer Services
GAGE ROADS BREWING CO LIMITED,GRB,"Food, Beverage & Tobacco"
GALAN LITHIUM LIMITED,GLN,Materials
GALAXY RESOURCES LIMITED,GXY,Materials
GALE PACIFIC LIMITED,GAP,Consumer Durables & Apparel
GALENA MINING LIMITED,G1A,Materials
GALILEE ENERGY LIMITED,GLL,Energy
GALILEO MINING LTD,GAL,Materials
GARDA PROPERTY GROUP,GDF,Real Estate
GAS2GRID LIMITED,GGX,Energy
GASCOYNE RESOURCES LIMITED,GCY,Materials
GATEWAY MINING LIMITED,GML,Materials
GBM GOLD LTD,GBM,Materials
GBM RESOURCES LIMITED,GBZ,Materials
GDI PROPERTY GROUP,GDI,Real Estate
GENERATION DEVELOPMENT GROUP LIMITED,GDG,Insurance
GENESIS ENERGY LIMITED,GNE,Utilities
GENESIS MINERALS LIMITED,GMD,Materials
GENESIS RESOURCES LIMITED,GES,Materials
GENETIC SIGNATURES LIMITED,GSS,"Pharmaceuticals, Biotechnology & Life Sciences"
GENETIC TECHNOLOGIES LIMITED,GTG,"Pharmaceuticals, Biotechnology & Life Sciences"
GENEX POWER LIMITED,GNX,Utilities
GENTRACK GROUP LIMITED,GTK,Software & Services
GENWORTH MORTGAGE INSURANCE AUSTRALIA LIMITED,GMA,Banks
GEOPACIFIC RESOURCES LTD,GPR,Materials
GETSWIFT LIMITED,GSW,Software & Services
GIBB RIVER DIAMONDS LIMITED,GIB,Materials
GLADIATOR RESOURCES LIMITED,GLA,Materials
GLENNON SMALL COMPANIES LIMITED,GC1,Not Applic
GLG CORP LTD,GLE,Consumer Durables & Apparel
GLOBAL ENERGY VENTURES LIMITED,GEV,Energy
GLOBAL HEALTH LIMITED,GLH,Health Care Equipment & Services
GLOBAL MASTERS FUND LIMITED,GFL,Not Applic
GLOBAL OIL & GAS LIMITED,GLV,Energy
GLOBAL VALUE FUND LIMITED,GVF,Not Applic
GLOBE INTERNATIONAL LIMITED,GLB,Consumer Durables & Apparel
GLOBE METALS & MINING LIMITED,GBE,Materials
GME RESOURCES LIMITED,GME,Materials
GODOLPHIN RESOURCES LIMITED,GRL,Materials
GOLD MOUNTAIN LIMITED,GMN,Materials
GOLD ROAD RESOURCES LIMITED,GOR,Materials
GOLDEN CROSS RESOURCES LTD,GCR,Materials
GOLDEN DEEPS LIMITED.,GED,Materials
GOLDEN MILE RESOURCES LTD,G88,Materials
GOLDEN RIM RESOURCES LTD,GMR,Materials
GOLDEN STATE MINING LIMITED,GSM,Materials
GOODMAN GROUP,GMG,Real Estate
GOOROO VENTURES LIMITED,GOO,Software & Services
GOWING BROS LIMITED,GOW,Diversified Financials
GPS ALLIANCE HOLDINGS LIMITED,GPS,Real Estate
GPT GROUP,GPT,Real Estate
GR ENGINEERING SERVICES LIMITED,GNG,Materials
GRAINCORP LIMITED,GNC,"Food, Beverage & Tobacco"
GRAND GULF ENERGY LIMITED,GGE,Energy
GRANGE RESOURCES LIMITED.,GRR,Materials
GRAPHEX MINING LIMITED,GPX,Materials
GREAT BOULDER RESOURCES LIMITED,GBR,Materials
GREAT NORTHERN MINERALS LIMITED,GNM,Materials
GREAT SOUTHERN MINING LIMITED,GSN,Materials
GREAT WESTERN EXPLORATION LIMITED.,GTE,Materials
GREENLAND MINERALS LIMITED,GGG,Materials
GREENVALE MINING LTD,GRV,Energy
GROWTHPOINT PROPERTIES AUSTRALIA,GOZ,Real Estate
GRYPHON CAPITAL INCOME TRUST,GCI,Not Applic
GTI RESOURCES LIMITED,GTR,Materials
GTN LIMITED,GTN,Media & Entertainment
GULF MANGANESE CORPORATION LIMITED,GMC,Materials
GULLEWA LIMITED,GUL,Materials
GWA GROUP LIMITED.,GWA,Capital Goods
GWR GROUP LIMITED,GWR,Materials
HAMMER METALS LIMITED,HMX,Materials
HAMPTON HILL MINING NL,HHM,Materials
HANNANS LTD,HNR,Materials
HANSEN TECHNOLOGIES LIMITED,HSN,Software & Services
HAPPY VALLEY NUTRITION LIMITED,HVM,"Food, Beverage & Tobacco"
HARRIS TECHNOLOGY GROUP LIMITED,HT8,Retailing
HARVEST TECHNOLOGY GROUP LTD,HTG,Technology Hardware & Equipment
HARVEY NORMAN HOLDINGS LIMITED,HVN,Retailing
HASTINGS TECHNOLOGY METALS LTD,HAS,Materials
HAVILAH RESOURCES LIMITED,HAV,Materials
HAWKSTONE MINING LIMITED,HWK,Materials
HAWTHORN RESOURCES LIMITED,HAW,Materials
HAZER GROUP LIMITED,HZR,Materials
HEALIUS LIMITED,HLS,Health Care Equipment & Services
HEALTHIA LIMITED,HLA,Health Care Equipment & Services
HEARTLAND GROUP HOLDINGS LIMITED,HGH,Banks
HEARTS AND MINDS INVESTMENTS LIMITED,HM1,Not Applic
HELIOS ENERGY LTD,HE8,Energy
HELIX RESOURCES LIMITED,HLX,Materials
HELLOWORLD TRAVEL LIMITED,HLO,Consumer Services
HERAMED LIMITED,HMD,Health Care Equipment & Services
HERON RESOURCES LIMITED,HRR,Materials
HEXAGON ENERGY MATERIALS LIMITED,HXG,Materials
HGL LIMITED,HNG,Capital Goods
HHY FUND,HHY,Not Applic
HIGH GRADE METALS LIMITED,HGM,Materials
HIGH PEAK ROYALTIES LIMITED,HPR,Energy
HIGHFIELD RESOURCES LIMITED,HFR,Materials
HILLGROVE RESOURCES LIMITED,HGO,Materials
HILLS LIMITED,HIL,Technology Hardware & Equipment
HIPO RESOURCES LIMITED,HIP,Materials
HITECH GROUP AUSTRALIA LIMITED,HIT,Commercial & Professional Services
HOLISTA COLLTECH LIMITED,HCT,Household & Personal Products
HOME CONSORTIUM,HMC,Real Estate
HORIZON GOLD LIMITED,HRN,Materials
HORIZON MINERALS LIMITED,HRZ,Materials
HORIZON OIL LIMITED,HZN,Energy
HORSESHOE METALS LIMITED,HOR,Materials
HOT CHILI LIMITED,HCH,Materials
HOTEL PROPERTY INVESTMENTS,HPI,Real Estate
HOUSTON WE HAVE LIMITED,HWH,Software & Services
HRL HOLDINGS LTD,HRL,Commercial & Professional Services
HSC TECHNOLOGY GROUP LTD,HSC,Software & Services
HT&E LIMITED,HT1,Media & Entertainment
HUB24 LIMITED,HUB,Diversified Financials
HUDSON INVESTMENT GROUP LIMITED,HGL,Real Estate
HUON AQUACULTURE GROUP LIMITED,HUO,"Food, Beverage & Tobacco"
HUTCHISON TELECOMMUNICATIONS (AUSTRALIA) LIMITED,HTA,Telecommunication Services
HYDRIX LIMITED,HYD,Technology Hardware & Equipment
HYDROCARBON DYNAMICS LIMITED,HCD,Energy
"HYUNDAI CAPITAL SERVICES, INC.",HCS,Not Applic
I SYNERGY GROUP LIMITED,IS3,Software & Services
ICANDY INTERACTIVE LIMITED,ICI,Media & Entertainment
ICAR ASIA LIMITED,ICQ,Retailing
ICETANA LIMITED,ICE,Software & Services
ICOLLEGE LIMITED,ICT,Consumer Services
ICON ENERGY LIMITED,ICN,Energy
ICSGLOBAL LIMITED,ICS,Health Care Equipment & Services
IDENTITII LIMITED,ID8,Software & Services
IDP EDUCATION LIMITED,IEL,Consumer Services
IDT AUSTRALIA LIMITED,IDT,"Pharmaceuticals, Biotechnology & Life Sciences"
IGNITE LIMITED,IGN,Commercial & Professional Services
IGO LIMITED,IGO,Materials
IKEGPS GROUP LIMITED,IKE,Technology Hardware & Equipment
IKWEZI MINING LIMITED,IKW,Energy
ILUKA RESOURCES LIMITED,ILU,Materials
IMAGE RESOURCES NL,IMA,Materials
IMAGION BIOSYSTEMS LIMITED,IBX,Health Care Equipment & Services
IMDEX LIMITED,IMD,Materials
IMEXHS LIMITED,IME,Health Care Equipment & Services
IMMURON LIMITED,IMC,"Pharmaceuticals, Biotechnology & Life Sciences"
IMMUTEP LIMITED,IMM,"Pharmaceuticals, Biotechnology & Life Sciences"
IMPACT MINERALS LIMITED,IPT,Materials
IMPEDIMED LIMITED,IPD,Health Care Equipment & Services
IMPELUS LIMITED,IMS,Media & Entertainment
IMPERIAL PACIFIC LIMITED,IPC,Diversified Financials
"IMRICOR MEDICAL SYSTEMS, INC.",IMR,Health Care Equipment & Services
IMUGENE LIMITED,IMU,"Pharmaceuticals, Biotechnology & Life Sciences"
INCA MINERALS LIMITED,ICG,Materials
INCANNEX HEALTHCARE LIMITED,IHL,Health Care Equipment & Services
INCENTIAPAY LIMITED,INP,Retailing
INCITEC PIVOT LIMITED,IPL,Materials
INDIANA RESOURCES LIMITED,IDA,Materials
INDOOR SKYDIVE AUSTRALIA GROUP LIMITED,IDZ,Consumer Services
INDUSTRIAL AND COMMERCIAL BANK OF CHINA LIMITED,ICB,Not Applic
INFIGEN ENERGY,IFN,Utilities
INFINITY LITHIUM CORPORATION LIMITED,INF,Materials
INFOMEDIA LTD,IFM,Software & Services
INFRATIL LIMITED.,IFT,Utilities
INGENIA COMMUNITIES GROUP,INA,Real Estate
INGHAMS GROUP LIMITED,ING,"Food, Beverage & Tobacco"
INSURANCE AUSTRALIA GROUP LIMITED,IAG,Insurance
INTEGA GROUP LIMITED,ITG,Capital Goods
INTEGRAL DIAGNOSTICS LIMITED,IDX,Health Care Equipment & Services
INTEGRATED GREEN ENERGY SOLUTIONS LTD,IGE,Commercial & Professional Services
INTEGRATED PAYMENT TECHNOLOGIES LIMITED,IP1,Software & Services
INTEGRATED RESEARCH LIMITED,IRI,Software & Services
INTELICARE HOLDINGS LIMITED,ICR,Health Care Equipment & Services
INTELLIHR LIMITED,IHR,Software & Services
INTERNATIONAL EQUITIES CORPORATION LIMITED.,IEQ,Real Estate
INTERNATIONAL FINANCE CORPORATION,IFX,Not Applic
INTERSTAR MILLENNIUM SERIES 2002-1G TRUST,IMG,Not Applic
INTERSTAR MILLENNIUM SERIES 2003-3G TRUST,IMX,Not Applic
INTERSTAR MILLENNIUM SERIES 2004-1E TRUST,IMQ,Not Applic
INTERSTAR MILLENNIUM SERIES 2004-2G TRUST,IMK,Not Applic
INTERSTAR MILLENNIUM SERIES 2004-5 TRUST,IMN,Not Applic
INTERSTAR MILLENNIUM SERIES 2005-2L TRUST,IMO,Not Applic
INTERSTAR MILLENNIUM SERIES 2006-2G TRUST,INB,Not Applic
INTERSTAR MILLENNIUM SERIES 2006-3L TRUST,INN,Not Applic
INTERSTAR MILLENNIUM SERIES 2006-4H TRUST,INH,Not Applic
INTIGER GROUP LIMITED,IAM,Software & Services
INTRA ENERGY CORPORATION LIMITED,IEC,Energy
INVENTIS LIMITED,IVT,Commercial & Professional Services
INVESTEC AUSTRALIA PROPERTY FUND,IAP,Real Estate
INVESTIGATOR RESOURCES LTD,IVR,Materials
INVESTSMART GROUP LIMITED,INV,Diversified Financials
INVEX THERAPEUTICS LTD,IXC,"Pharmaceuticals, Biotechnology & Life Sciences"
INVICTUS ENERGY LTD,IVZ,Energy
INVIGOR GROUP LIMITED,IVO,Media & Entertainment
INVION LIMITED,IVX,"Pharmaceuticals, Biotechnology & Life Sciences"
INVITROCUE LIMITED,IVQ,"Pharmaceuticals, Biotechnology & Life Sciences"
INVOCARE LIMITED,IVC,Consumer Services
IODM LIMITED,IOD,Software & Services
IONEER LTD,INR,Materials
IONIC RARE EARTHS LIMITED,IXR,Materials
IOOF HOLDINGS LIMITED,IFL,Diversified Financials
IPB PETROLEUM LIMITED,IPB,Energy
IPH LIMITED,IPH,Commercial & Professional Services
IQ3CORP LIMITED,IQ3,Diversified Financials
IRESS LIMITED,IRE,Software & Services
IRON ROAD LIMITED,IRD,Materials
IRONBARK CAPITAL LIMITED,IBC,Not Applic
IRONBARK ZINC LTD,IBG,Materials
ISELECT LIMITED.,ISU,Consumer Services
ISENTIA GROUP LIMITED,ISD,Software & Services
ISENTRIC LIMITED.,ICU,Media & Entertainment
ISIGNTHIS LTD,ISX,Software & Services
IVE GROUP LIMITED,IGL,Media & Entertainment
IXUP LIMITED,IXU,Software & Services
JACKA RESOURCES LIMITED,JKA,Energy
JADAR RESOURCES LIMITED,JDR,Materials
JAMES HARDIE INDUSTRIES PLC,JHX,Materials
JAMESON RESOURCES LIMITED,JAL,Materials
JANISON EDUCATION GROUP LIMITED,JAN,Software & Services
JANUS HENDERSON GROUP PLC,JHG,Diversified Financials
JAPARA HEALTHCARE LIMITED,JHC,Health Care Equipment & Services
JATCORP LIMITED,JAT,Retailing
JAXSTA LTD,JXT,Software & Services
JAYEX HEALTHCARE LIMITED,JHL,Health Care Equipment & Services
JAYRIDE GROUP LIMITED,JAY,Retailing
JB HI-FI LIMITED,JBH,Retailing
JCURVE SOLUTIONS LTD,JCS,Software & Services
JERVOIS MINING LIMITED,JRV,Materials
JIAJIAFU MODERN AGRICULTURE LIMITED,JJF,"Food, Beverage & Tobacco"
JIANCHENG INTERNATIONAL GROUP LIMITED,JCI,Capital Goods
JINDALEE RESOURCES LIMITED,JRL,Materials
JOHNS LYNG GROUP LIMITED,JLG,Capital Goods
JOYCE CORPORATION LTD,JYC,Retailing
JUMBO INTERACTIVE LIMITED,JIN,Consumer Services
JUPITER ENERGY LIMITED,JPR,Energy
JUPITER MINES LIMITED.,JMS,Materials
K & S CORPORATION LIMITED,KSC,Transportation
K-TIG LIMITED,KTG,Capital Goods
K2 ASSET MANAGEMENT HOLDINGS LTD,KAM,Diversified Financials
K2 ENERGY LIMITED.,KTE,Semiconductors & Semiconductor Equipment
K2FLY LIMITED,K2F,Software & Services
KAILI RESOURCES LIMITED,KLR,Energy
KAIROS MINERALS LIMITED,KAI,Materials
KAISER REEF LIMITED,KAU,Materials
KALAMAZOO RESOURCES LIMITED,KZR,Materials
KALINA POWER LIMITED,KPO,Utilities
KALIUM LAKES LIMITED,KLL,Materials
KALNORTH GOLD MINES LIMITED,KGM,Materials
KANGAROO ISLAND PLANTATION TIMBERS LTD,KPT,Materials
KAROON ENERGY LTD,KAR,Energy
KASBAH RESOURCES LIMITED,KAS,Materials
KATANA CAPITAL LIMITED,KAT,Not Applic
KATHMANDU HOLDINGS LIMITED,KMD,Retailing
KAZAKHSTAN POTASH CORPORATION LIMITED,KPC,Materials
KAZIA THERAPEUTICS LIMITED,KZA,"Pharmaceuticals, Biotechnology & Life Sciences"
KELLY PARTNERS GROUP HOLDINGS LIMITED,KPG,Commercial & Professional Services
KEY PETROLEUM LIMITED,KEY,Energy
KEYBRIDGE CAPITAL LIMITED,KBC,Diversified Financials
KEYTONE DAIRY CORPORATION LIMITED,KTD,"Food, Beverage & Tobacco"
KFW,KFW,Not Applic
KGL RESOURCES LIMITED,KGL,Materials
KIN MINING NL,KIN,Materials
KINA PETROLEUM CORPORATION,KPE,Energy
KINA SECURITIES LIMITED,KSL,Banks
KINETIKO ENERGY LTD,KKO,Energy
KING ISLAND SCHEELITE LIMITED,KIS,Materials
KING RIVER RESOURCES LIMITED,KRR,Materials
KINGFISHER TRUST 2016-1,KIG,Not Applic
KINGFISHER TRUST 2019-1,KI1,Not Applic
KINGSGATE CONSOLIDATED LIMITED.,KCN,Materials
KINGSLAND GLOBAL LTD,KLO,Real Estate
KINGSROSE MINING LIMITED,KRM,Materials
KINGSTON RESOURCES LIMITED,KSN,Materials
KINGWEST RESOURCES LIMITED,KWR,Materials
KIP MCGRATH EDUCATION CENTRES LIMITED,KME,Consumer Services
KIRKLAND LAKE GOLD LTD,KLA,Materials
KKR CREDIT INCOME FUND,KKC,Not Applic
KLEOS SPACE S.A,KSS,Commercial & Professional Services
KNEOMEDIA LIMITED,KNM,Media & Entertainment
KNOSYS LIMITED,KNO,Software & Services
KOGAN.COM LTD,KGN,Retailing
KOGI IRON LIMITED,KFE,Materials
KOLLAKORN CORPORATION LIMITED,KKL,Technology Hardware & Equipment
KOON HOLDINGS LIMITED,KNH,Capital Goods
KOPORE METALS LIMITED,KMT,Materials
KORAB RESOURCES LIMITED,KOR,Materials
KORE POTASH PLC,KP2,Materials
KOREA SOUTH-EAST POWER CO LTD,KOP,Not Applic
KORVEST LTD,KOV,Capital Goods
KRAKATOA RESOURCES LIMITED,KTA,Materials
KRESTA HOLDINGS LIMITED,KRS,Consumer Durables & Apparel
KULA GOLD LIMITED,KGD,Materials
KYCKR LIMITED,KYK,Software & Services
L1 LONG SHORT FUND LIMITED,LSF,Not Applic
LA TROBE FINANCIAL CAPITAL MARKETS TRUST 2018-1,LTF,Not Applic
LA TROBE FINANCIAL CAPITAL MARKETS TRUST 2018-2,LT1,Not Applic
LA TROBE FINANCIAL CAPITAL MARKETS TRUST 2019-1,LT3,Not Applic
LA TROBE FINANCIAL CAPITAL MARKETS TRUST 2019-2,LT4,Not Applic
LACHLAN STAR LIMITED,LSA,Materials
LAKE RESOURCES N.L.,LKE,Materials
LAKES OIL NL,LKO,Energy
LAND & HOMES GROUP LIMITED,LHM,Real Estate
LANEWAY RESOURCES LTD,LNY,Materials
LARAMIDE RESOURCES LTD,LAM,Energy
LARK DISTILLING CO. LTD,LRK,"Food, Beverage & Tobacco"
LASERBOND LIMITED,LBL,Capital Goods
LATIN RESOURCES LIMITED,LRS,Materials
LATITUDE AUSTRALIA CREDIT CARD LOAN NOTE TRUST,LCN,Not Applic
LATITUDE AUSTRALIA PERSONAL LOANS SERIES 2017-1 TRUST,LC1,Not Applic
LATITUDE AUSTRALIA PERSONAL LOANS SERIES 2020-1 TRUST,LC2,Not Applic
LATITUDE CONSOLIDATED LIMITED,LCD,Materials
LATROBE MAGNESIUM LIMITED,LMG,Materials
LAWFINANCE LIMITED,LAW,Diversified Financials
LAYBUY GROUP HOLDINGS LIMITED,LBY,Class Pend
LBT INNOVATIONS LIMITED,LBT,Health Care Equipment & Services
LEAF RESOURCES LTD,LER,Materials
LEFROY EXPLORATION LIMITED,LEX,Materials
LEGACY IRON ORE LIMITED,LCY,Materials
LEGEND MINING LIMITED,LEG,Materials
LEIGH CREEK ENERGY LIMITED,LCK,Energy
LENDLEASE GROUP,LLC,Real Estate
LEPIDICO LTD,LPD,Materials
LIBERTY FUNDING PTY LTD IN RESPECT OF LIBERTY SERIES 2017-3,LI4,Not Applic
LIBERTY FUNDING PTY LTD IN RESPECT OF LIBERTY SERIES 2017-4,LI1,Not Applic
LIBERTY FUNDING PTY LTD IN RESPECT OF LIBERTY SERIES 2018-1,LI2,Not Applic
LIBERTY FUNDING PTY LTD IN RESPECT OF LIBERTY SERIES 2019-2,LI6,Not Applic
LIBERTY FUNDING PTY LTD IN RESPECT OF THE LIBERTY SERIES 201,LI5,Not Applic
LIFE360 INC.,360,Software & Services
LIFESPOT HEALTH LTD,LSH,Health Care Equipment & Services
LIFESTYLE COMMUNITIES LIMITED,LIC,Real Estate
"LIMEADE, INC.",LME,Software & Services
LINCOLN MINERALS LIMITED,LML,Materials
LINDIAN RESOURCES LIMITED,LIN,Materials
LINDSAY AUSTRALIA LIMITED,LAU,Transportation
LINIUS TECHNOLOGIES LIMITED,LNU,Software & Services
LINK ADMINISTRATION HOLDINGS LIMITED,LNK,Software & Services
LION ENERGY LIMITED,LIO,Energy
LION ONE METALS LIMITED,LLO,Materials
LION SELECTION GROUP LIMITED.,LSX,Not Applic
LIONHUB GROUP LIMITED,LHB,Real Estate
LIONTOWN RESOURCES LIMITED,LTR,Materials
LIQUEFIED NATURAL GAS LIMITED,LNG,Energy
LITHIUM AUSTRALIA NL,LIT,Materials
LITHIUM CONSOLIDATED LIMITED,LI3,Materials
LITHIUM POWER INTERNATIONAL LIMITED,LPI,Materials
LITTLE GREEN PHARMA LTD,LGP,"Pharmaceuticals, Biotechnology & Life Sciences"
LIVEHIRE LIMITED,LVH,Software & Services
LIVETILES LIMITED,LVT,Software & Services
LIVING CELL TECHNOLOGIES LIMITED,LCT,"Pharmaceuticals, Biotechnology & Life Sciences"
LLOYDS BANK PLC,LLP,Not Applic
LLOYDS BANKING GROUP PLC,LO1,Not Applic
LOCALITY PLANNING ENERGY HOLDINGS LIMITED,LPE,Utilities
LODESTAR MINERALS LIMITED,LSR,Materials
LOGICAMMS LIMITED,LCM,Capital Goods
LONDON CITY EQUITIES LIMITED,LCE,Diversified Financials
LOS CERROS LIMITED,LCL,Materials
LOTUS RESOURCES LIMITED,LOT,Materials
LOVE GROUP GLOBAL LTD,LVE,Software & Services
LOVISA HOLDINGS LIMITED,LOV,Retailing
LOWELL RESOURCES FUND,LRT,Not Applic
LUCAPA DIAMOND COMPANY LIMITED,LOM,Materials
LUSTRUM MINERALS LTD,LRM,Energy
LYCOPODIUM LIMITED,LYL,Capital Goods
LYNAS CORPORATION LIMITED,LYC,Materials
M8 SUSTAINABLE LIMITED,M8S,Commercial & Professional Services
MACA LIMITED,MLD,Materials
MACARTHUR MINERALS LIMITED,MIO,Materials
MACH7 TECHNOLOGIES LIMITED,M7T,Health Care Equipment & Services
MACMAHON HOLDINGS LIMITED,MAH,Materials
MACQUARIE BANK LIMITED,MBL,Not Applic
MACQUARIE GROUP LIMITED,MQG,Diversified Financials
MACQUARIE TELECOM GROUP LIMITED,MAQ,Telecommunication Services
MADER GROUP LIMITED,MAD,Commercial & Professional Services
MAGELLAN FINANCIAL GROUP LIMITED,MFG,Diversified Financials
MAGELLAN GLOBAL TRUST,MGG,Not Applic
MAGELLAN HIGH CONVICTION TRUST,MHH,Not Applic
MAGGIE BEER HOLDINGS LTD,MBH,"Food, Beverage & Tobacco"
MAGMATIC RESOURCES LIMITED,MAG,Materials
MAGNETIC RESOURCES NL,MAU,Materials
MAGNETITE MINES LIMITED.,MGT,Materials
MAGNIS ENERGY TECHNOLOGIES LTD,MNS,Materials
MAGNUM MINING AND EXPLORATION LIMITED,MGU,Materials
MAGONTEC LIMITED,MGL,Materials
MAINSTREAM GROUP HOLDINGS LIMITED,MAI,Diversified Financials
MAKO GOLD LIMITED,MKG,Materials
MALACHITE RESOURCES LIMITED,MAR,Materials
MALI LITHIUM LIMITED,MLL,Materials
MANALTO LIMITED,MTL,Software & Services
MANAS RESOURCES LIMITED,MSR,Materials
MANDRAKE RESOURCES LIMITED,MAN,Materials
MANHATTAN CORPORATION LIMITED,MHC,Energy
MANUKA RESOURCES LTD.,MKR,Materials
MARENICA ENERGY LTD,MEY,Energy
MARINER CORPORATION LIMITED,MCX,Diversified Financials
MARLEY SPOON AG,MMM,Consumer Services
MARMOTA LIMITED,MEU,Energy
MARQUEE RESOURCES LIMITED,MQR,Materials
MASTERMYNE GROUP LIMITED,MYE,Materials
MATADOR MINING LIMITED,MZZ,Materials
MATRIX COMPOSITES & ENGINEERING LIMITED,MCE,Energy
MATSA RESOURCES LIMITED,MAT,Materials
MAXIMUS RESOURCES LIMITED,MXR,Materials
MAXITRANS INDUSTRIES LIMITED,MXI,Capital Goods
MAYFIELD CHILDCARE LIMITED,MFD,Consumer Services
MAYNE PHARMA GROUP LIMITED,MYX,"Pharmaceuticals, Biotechnology & Life Sciences"
MAYUR RESOURCES LIMITED,MRL,Materials
MC MINING LIMITED,MCM,Energy
MCB RESOURCES LIMITED,MCB,Energy
MCGRATH LIMITED,MEA,Real Estate
MCMILLAN SHAKESPEARE LIMITED,MMS,Commercial & Professional Services
MCP INCOME OPPORTUNITIES TRUST,MOT,Not Applic
MCP MASTER INCOME TRUST,MXT,Not Applic
MCPHERSON'S LIMITED,MCP,Household & Personal Products
MCS SERVICES LIMITED,MSG,Commercial & Professional Services
MEC RESOURCES LIMITED,MMR,Energy
MEDADVISOR LIMITED,MDR,Health Care Equipment & Services
MEDALLION TRUST SERIES 2013-2,MBJ,Not Applic
MEDALLION TRUST SERIES 2014-1,MDZ,Not Applic
MEDALLION TRUST SERIES 2014-1P,MPZ,Not Applic
MEDALLION TRUST SERIES 2015-2,MZC,Not Applic
MEDALLION TRUST SERIES 2016-1,MZF,Not Applic
MEDALLION TRUST SERIES 2016-2,MZT,Not Applic
MEDALLION TRUST SERIES 2017-1,MZ1,Not Applic
MEDALLION TRUST SERIES 2017-2,MZ2,Not Applic
MEDIBANK PRIVATE LIMITED,MPL,Insurance
MEDIBIO LIMITED,MEB,Health Care Equipment & Services
MEDICAL DEVELOPMENTS INTERNATIONAL LIMITED,MVP,"Pharmaceuticals, Biotechnology & Life Sciences"
MEDIGARD LIMITED,MGZ,Health Care Equipment & Services
MEDILAND PHARM LIMITED,MPH,Retailing
MEDLAB CLINICAL LIMITED,MDC,"Pharmaceuticals, Biotechnology & Life Sciences"
MEDUSA MINING LIMITED,MML,Materials
MEGAPORT LIMITED,MP1,Software & Services
MEJORITY CAPITAL LIMITED,MJC,Diversified Financials
MELBANA ENERGY LIMITED,MAY,Energy
MEMPHASYS LIMITED.,MEM,"Pharmaceuticals, Biotechnology & Life Sciences"
MERCANTILE INVESTMENT COMPANY LTD,MVT,Not Applic
MERCHANT HOUSE INTERNATIONAL LIMITED,MHI,Consumer Durables & Apparel
MERCURY NZ LIMITED,MCY,Utilities
MERIDIAN ENERGY LIMITED,MEZ,Utilities
MESOBLAST LIMITED,MSB,"Pharmaceuticals, Biotechnology & Life Sciences"
METAL BANK LIMITED,MBK,Materials
METALICITY LIMITED,MCT,Materials
METALLICA MINERALS LIMITED,MLM,Materials
METALS AUSTRALIA LTD,MLS,Materials
METALS X LIMITED,MLX,Materials
METALSEARCH LIMITED,MSE,Materials
METALSTECH LIMITED,MTC,Materials
METCASH LIMITED,MTS,Food & Staples Retailing
METEORIC RESOURCES NL,MEI,Materials
METGASCO LTD,MEL,Energy
METLIFECARE LIMITED,MEQ,Health Care Equipment & Services
METRO MINING LIMITED,MMI,Materials
METRO PERFORMANCE GLASS LIMITED,MPP,Capital Goods
MFF CAPITAL INVESTMENTS LIMITED,MFF,Not Applic
MGC PHARMACEUTICALS LTD,MXC,"Pharmaceuticals, Biotechnology & Life Sciences"
MGM WIRELESS LIMITED,MWR,Media & Entertainment
MICHAEL HILL INTERNATIONAL LIMITED,MHJ,Retailing
MICRO-X LIMITED,MX1,Health Care Equipment & Services
MICROEQUITIES ASSET MANAGEMENT GROUP LIMITED,MAM,Diversified Financials
MIDDLE ISLAND RESOURCES LIMITED,MDI,Materials
MIDWAY LIMITED,MWY,Materials
MILLENNIUM SERVICES GROUP LIMITED,MIL,Commercial & Professional Services
MILLINIUM'S ALTERNATIVES FUND.,MAX,Not Applic
MILTON CORPORATION LIMITED,MLT,Not Applic
MINBOS RESOURCES LIMITED,MNB,Materials
MINCOR RESOURCES NL,MCR,Materials
MINDAX LIMITED,MDX,Materials
MINERAL COMMODITIES LTD,MRC,Materials
MINERAL RESOURCES LIMITED,MIN,Materials
MINOTAUR EXPLORATION LTD,MEP,Materials
MINREX RESOURCES LIMITED,MRR,Materials
MINT PAYMENTS LIMITED,MNW,Software & Services
MIRRABOOKA INVESTMENTS LIMITED,MIR,Not Applic
MIRVAC GROUP,MGR,Real Estate
MITCHELL SERVICES LIMITED,MSV,Materials
MITHRIL RESOURCES LIMITED,MTH,Materials
MMA OFFSHORE LIMITED,MRM,Energy
MMJ GROUP HOLDINGS LIMITED,MMJ,Not Applic
MNC MEDIA INVESTMENT LTD,MIH,Media & Entertainment
MNF GROUP LIMITED,MNF,Telecommunication Services
MOBECOM LIMITED,MBM,Software & Services
MOBILICOM LIMITED,MOB,Technology Hardware & Equipment
MOELIS AUSTRALIA LIMITED,MOE,Diversified Financials
MOHO RESOURCES LIMITED,MOH,Materials
MOLOPO ENERGY LIMITED,MPO,Energy
MONADELPHOUS GROUP LIMITED,MND,Capital Goods
MONASH ABSOLUTE INVESTMENT COMPANY LIMITED,MA1,Not Applic
MONASH IVF GROUP LIMITED,MVF,Health Care Equipment & Services
MONEY3 CORPORATION LIMITED,MNY,Diversified Financials
MONEYME LIMITED,MME,Diversified Financials
MONT ROYAL RESOURCES LIMITED,MRZ,Materials
MONTEM RESOURCES LIMITED.,MR1,Class Pend
MORETON RESOURCES LTD,MRV,Energy
MORPHIC ETHICAL EQUITIES FUND LIMITED,MEC,Diversified Financials
MORTGAGE CHOICE LIMITED,MOC,Banks
MOSAIC BRANDS LIMITED,MOZ,Retailing
MOTORCYCLE HOLDINGS LIMITED,MTO,Retailing
MOUNT BURGESS MINING NL,MTB,Materials
MOUNT GIBSON IRON LIMITED,MGX,Materials
MOUNT RIDLEY MINES LIMITED,MRD,Materials
MPOWER GROUP LIMITED,MPR,Diversified Financials
MRG METALS LIMITED,MRQ,Materials
MSL SOLUTIONS LIMITED.,MSL,Software & Services
MSM CORPORATION INTERNATIONAL LTD,MSM,Media & Entertainment
MULTISTACK INTERNATIONAL LIMITED,MSI,Capital Goods
MURRAY COD AUSTRALIA LIMITED,MCA,"Food, Beverage & Tobacco"
MURRAY RIVER ORGANICS GROUP LIMITED,MRG,"Food, Beverage & Tobacco"
MUSGRAVE MINERALS LIMITED,MGV,Materials
MUSTERA PROPERTY GROUP LIMITED,MPX,Real Estate
MYANMAR METALS LIMITED,MYL,Materials
MYER HOLDINGS LIMITED,MYR,Retailing
MYFIZIQ LIMITED,MYQ,Software & Services
MYSTATE LIMITED,MYS,Banks
N1 HOLDINGS LIMITED,N1H,Banks
NAGAMBIE RESOURCES LIMITED,NAG,Materials
NAMOI COTTON LIMITED,NAM,Commercial & Professional Services
NANOLLOSE LIMITED,NC6,"Pharmaceuticals, Biotechnology & Life Sciences"
NANOSONICS LIMITED,NAN,Health Care Equipment & Services
NANOVEU LIMITED,NVU,Technology Hardware & Equipment
NAOS EMERGING OPPORTUNITIES COMPANY LIMITED,NCC,Not Applic
NAOS EX-50 OPPORTUNITIES COMPANY LIMITED,NAC,Not Applic
NAOS SMALL CAP OPPORTUNITIES COMPANY LIMITED,NSC,Not Applic
NATIONAL AUSTRALIA BANK LIMITED,NAB,Banks
NATIONAL HOUSING FINANCE AND INVESTMENT CORPORATION,NFI,Not Applic
NATIONAL RMBS TRUST 2012-2 SERIES 2012-2,NAH,Not Applic
NATIONAL RMBS TRUST 2015-1 SERIES 2015-1,NAJ,Not Applic
NATIONAL RMBS TRUST 2016-1,NRM,Not Applic
NATIONAL RMBS TRUST 2018-1 IN RESPECT OF SERIES 2018-1,NRO,Not Applic
NATIONAL STORAGE REIT,NSR,Real Estate
NATIONAL TYRE & WHEEL LIMITED,NTD,Retailing
NAVARRE MINERALS LIMITED,NML,Materials
NAVIGATOR GLOBAL INVESTMENTS LIMITED,NGI,Diversified Financials
NB GLOBAL CORPORATE INCOME TRUST,NBI,Not Applic
NEARMAP LTD,NEA,Software & Services
NELSON RESOURCES LIMITED.,NES,Materials
NEOMETALS LTD,NMT,Materials
NETCCENTRIC LIMITED,NCL,Media & Entertainment
NETLINKZ LIMITED,NET,Software & Services
NETWEALTH GROUP LIMITED,NWL,Diversified Financials
NEUREN PHARMACEUTICALS LIMITED,NEU,"Pharmaceuticals, Biotechnology & Life Sciences"
NEUROSCIENTIFIC BIOPHARMACEUTICALS LTD,NSB,"Pharmaceuticals, Biotechnology & Life Sciences"
NEUROTECH INTERNATIONAL LIMITED,NTI,Health Care Equipment & Services
NEW AGE EXPLORATION LIMITED,NAE,Energy
NEW CENTURY RESOURCES LIMITED,NCZ,Materials
NEW ENERGY MINERALS LTD,NXE,Materials
NEW ENERGY SOLAR,NEW,Utilities
NEW HOPE CORPORATION LIMITED,NHC,Energy
NEW STANDARD ENERGY LIMITED,NSE,Energy
NEW TALISMAN GOLD MINES LIMITED,NTL,Materials
NEW WORLD RESOURCES LIMITED,NWC,Materials
NEW ZEALAND COASTAL SEAFOODS LIMITED,NZS,"Food, Beverage & Tobacco"
NEW ZEALAND KING SALMON INVESTMENTS LIMITED,NZK,"Food, Beverage & Tobacco"
NEWCREST MINING LIMITED,NCM,Materials
NEWFIELD RESOURCES LIMITED,NWF,Materials
NEWS CORPORATION..,NWS,Media & Entertainment
NEX METALS EXPLORATION LIMITED,NME,Materials
NEXT SCIENCE LIMITED,NXS,Health Care Equipment & Services
NEXTDC LIMITED,NXT,Software & Services
NEXUS MINERALS LIMITED,NXM,Materials
NGE CAPITAL LIMITED,NGE,Not Applic
NIB HOLDINGS LIMITED,NHF,Insurance
NICK SCALI LIMITED,NCK,Retailing
NICKEL MINES LIMITED,NIC,Materials
NINE ENTERTAINMENT CO. HOLDINGS LIMITED,NEC,Media & Entertainment
NITRO SOFTWARE LIMITED,NTO,Software & Services
NIUMINCO GROUP LIMITED,NIU,Materials
NORDIC INVESTMENT BANK,NIB,Not Applic
NORTH STAWELL MINERALS LTD,NSM,Class Pend
NORTHERN MINERALS LIMITED,NTU,Materials
NORTHERN STAR RESOURCES LTD,NST,Materials
NORWEST ENERGY NL,NWE,Energy
NORWEST MINERALS LIMITED,NWM,Materials
NORWOOD SYSTEMS LIMITED,NOR,Software & Services
NOVA EYE MEDICAL LIMITED,EYE,Health Care Equipment & Services
NOVA MINERALS LIMITED,NVA,Materials
NOVATTI GROUP LIMITED,NOV,Software & Services
NOVONIX LIMITED,NVX,Technology Hardware & Equipment
NOXOPHARM LIMITED,NOX,"Pharmaceuticals, Biotechnology & Life Sciences"
NRW HOLDINGS LIMITED,NWH,Capital Goods
NSX LIMITED,NSX,Diversified Financials
NTM GOLD LIMITED,NTM,Materials
NUCHEV LIMITED,NUC,"Food, Beverage & Tobacco"
NUCOAL RESOURCES LIMITED,NCR,Materials
NUENERGY GAS LIMITED,NGY,Energy
NUFARM FINANCE (NZ) LIMITED,NFN,Not Applic
NUFARM LIMITED,NUF,Materials
NUHEARA LIMITED,NUH,Technology Hardware & Equipment
NUSANTARA RESOURCES LIMITED,NUS,Materials
NVOI LTD,NVO,Media & Entertainment
NYRADA INC.,NYR,"Pharmaceuticals, Biotechnology & Life Sciences"
NZME LIMITED,NZM,Media & Entertainment
OAKAJEE CORPORATION LIMITED,OKJ,Materials
OAKDALE RESOURCES LIMITED,OAR,Materials
OBJ LIMITED,OBJ,"Pharmaceuticals, Biotechnology & Life Sciences"
OBJECTIVE CORPORATION LIMITED,OCL,Software & Services
OCEAN GROWN ABALONE LIMITED,OGA,"Food, Beverage & Tobacco"
OCEANAGOLD CORPORATION,OGC,Materials
OCEANIA HEALTHCARE LIMITED,OCA,Health Care Equipment & Services
OCTANEX LIMITED,OXX,Energy
ODIN METALS LIMITED,ODM,Materials
ODYSSEY ENERGY LIMITED,ODY,Energy
OFX GROUP LIMITED,OFX,Diversified Financials
OIL SEARCH LIMITED,OSH,Energy
OILEX LTD,OEX,Energy
OKAPI RESOURCES LIMITED,OKR,Materials
OKLO RESOURCES LIMITED,OKU,Materials
OLDFIELDS HOLDINGS LIMITED,OLH,Capital Goods
OLIVER'S REAL FOOD LIMITED,OLI,Consumer Services
OM HOLDINGS LIMITED,OMH,Materials
OMNI BRIDGEWAY LIMITED,OBL,Diversified Financials
ONCOSIL MEDICAL LTD,OSL,"Pharmaceuticals, Biotechnology & Life Sciences"
ONEALL INTERNATIONAL LIMITED,1AL,Consumer Durables & Apparel
ONEVIEW HEALTHCARE PLC,ONE,Health Care Equipment & Services
ONEVUE HOLDINGS LIMITED,OVH,Diversified Financials
OOH!MEDIA LIMITED,OML,Media & Entertainment
OOKAMI LIMITED,OOK,Software & Services
OPENLEARNING LIMITED,OLL,Software & Services
OPENPAY GROUP LTD,OPY,Diversified Financials
OPHIR HIGH CONVICTION FUND,OPH,Not Applic
OPTHEA LIMITED,OPT,"Pharmaceuticals, Biotechnology & Life Sciences"
OPTICOMM LTD,OPC,Telecommunication Services
OPTISCAN IMAGING LIMITED,OIL,Health Care Equipment & Services
OPYL LIMITED,OPL,Software & Services
ORA BANDA MINING LTD,OBM,Materials
ORA GOLD LIMITED,OAU,Materials
ORBITAL CORPORATION LIMITED,OEC,Capital Goods
ORCODA LIMITED,ODA,Software & Services
ORDINARY (UNLISTED/LISTED - COSACS),ZOR,Not Applic
ORECORP LIMITED,ORR,Materials
ORICA LIMITED,ORI,Materials
ORIGIN ENERGY LIMITED,ORG,Energy
ORION EQUITIES LIMITED,OEQ,Diversified Financials
ORION METALS LIMITED,ORM,Materials
ORION MINERALS LTD,ORN,Materials
ORMINEX LTD,ONX,Materials
OROCOBRE LIMITED,ORE,Materials
ORORA LIMITED,ORA,Materials
ORTHOCELL LIMITED,OCC,"Pharmaceuticals, Biotechnology & Life Sciences"
OSPREY MEDICAL INC,OSP,Health Care Equipment & Services
OSTEOPORE LIMITED,OSX,Health Care Equipment & Services
OTTO ENERGY LIMITED,OEL,Energy
OVATO LIMITED,OVT,Commercial & Professional Services
OVENTUS MEDICAL LIMITED,OVN,Health Care Equipment & Services
OVER THE WIRE HOLDINGS LIMITED,OTW,Software & Services
OZ MINERALS LIMITED,OZL,Materials
OZGROWTH LIMITED,OZG,Not Applic
P2P TRANSPORT LIMITED,P2P,Transportation
PACIFIC AMERICAN HOLDINGS LIMITED,PAK,Materials
PACIFIC BAUXITE LIMITED,PBX,Materials
PACIFIC CURRENT GROUP LIMITED,PAC,Diversified Financials
PACIFIC SMILES GROUP LIMITED,PSQ,Health Care Equipment & Services
PACIFIC STAR NETWORK LIMITED,PNW,Media & Entertainment
PACIFICO MINERALS LIMITED,PMY,Materials
PACT GROUP HOLDINGS LTD,PGH,Materials
PAINCHEK LTD,PCK,Health Care Equipment & Services
PALADIN ENERGY LTD,PDN,Energy
PALLA PHARMA LIMITED,PAL,"Pharmaceuticals, Biotechnology & Life Sciences"
PAN ASIA METALS LIMITED,PAM,Class Pend
PANCONTINENTAL OIL & GAS NL,PCL,Energy
PANORAMIC RESOURCES LIMITED,PAN,Materials
PANTERRA GOLD LIMITED,PGI,Materials
PANTORO LIMITED,PNR,Materials
PAPYRUS AUSTRALIA LIMITED,PPY,Materials
PARADIGM BIOPHARMACEUTICALS LIMITED..,PAR,"Pharmaceuticals, Biotechnology & Life Sciences"
PARAGON CARE LIMITED,PGC,Health Care Equipment & Services
PARAZERO LIMITED,PRZ,Technology Hardware & Equipment
PARINGA RESOURCES LIMITED,PNL,Energy
PARKD LTD,PKD,Commercial & Professional Services
PARKWAY MINERALS NL,PWN,Materials
PARTNERS GROUP GLOBAL INCOME FUND,PGG,Not Applic
PATERSON RESOURCES LTD,PSL,Materials
PATRYS LIMITED,PAB,"Pharmaceuticals, Biotechnology & Life Sciences"
PAYGROUP LIMITED,PYG,Software & Services
PEAK MINERALS LIMITED,PUA,Materials
PEAK RESOURCES LIMITED,PEK,Materials
PEAKO LIMITED,PKO,Energy
PEARL GLOBAL LIMITED,PG1,Commercial & Professional Services
PEEL MINING LIMITED,PEX,Materials
PEET LIMITED,PPC,Real Estate
PELICAN RESOURCES LIMITED,PEL,Materials
PENDAL GROUP LIMITED,PDL,Diversified Financials
PENGANA CAPITAL GROUP LIMITED,PCG,Diversified Financials
PENGANA INTERNATIONAL EQUITIES LIMITED,PIA,Not Applic
PENGANA PRIVATE EQUITY TRUST,PE1,Not Applic
PENINSULA ENERGY LIMITED,PEN,Energy
PENSANA RARE EARTHS PLC,PM8,Materials
PENTAL LIMITED,PTL,Household & Personal Products
PEOPLE INFRASTRUCTURE LTD,PPE,Commercial & Professional Services
PEPINNINI LITHIUM LIMITED,PNN,Materials
PEPPER I-PRIME 2017-3 TRUST,PEP,Not Applic
PEPPER RESIDENTIAL SECURITIES TRUST NO 22,PEU,Not Applic
PEPPER RESIDENTIAL SECURITIES TRUST NO. 20,PER,Not Applic
PEPPER RESIDENTIAL SECURITIES TRUST NO. 21,PES,Not Applic
PEPPER RESIDENTIAL SECURITIES TRUST NO. 23,PU1,Not Applic
PEPPER SPARKZ TRUST NO. 2,PU3,Not Applic
PEPPER SPARKZ TRUST NO.1,PUS,Not Applic
PEPPERMINT INNOVATION LIMITED,PIL,Software & Services
PERENTI GLOBAL LIMITED,PRN,Materials
PERPETUAL CREDIT INCOME TRUST,PCI,Not Applic
PERPETUAL EQUITY INVESTMENT COMPANY LIMITED,PIC,Not Applic
PERPETUAL LIMITED,PPT,Diversified Financials
PERPETUAL RESOURCES LIMITED,PEC,Materials
PERSEUS MINING LIMITED,PRU,Materials
PETRATHERM LTD,PTR,Materials
PETSEC ENERGY LIMITED,PSA,Energy
PHARMAUST LIMITED,PAA,"Pharmaceuticals, Biotechnology & Life Sciences"
PHARMAXIS LTD,PXS,"Pharmaceuticals, Biotechnology & Life Sciences"
PHOSLOCK ENVIRONMENTAL TECHNOLOGIES LIMITED,PET,Commercial & Professional Services
PIEDMONT LITHIUM LTD,PLL,Materials
PILBARA MINERALS LIMITED,PLS,Materials
PILOT ENERGY LIMITED,PGY,Energy
PINCHME.COM INC.,PIN,Commercial & Professional Services
PINNACLE INVESTMENT MANAGEMENT GROUP LIMITED,PNI,Diversified Financials
PIONEER CREDIT LIMITED,PNC,Diversified Financials
PIVOTAL SYSTEMS CORPORATION,PVS,Semiconductors & Semiconductor Equipment
PKS HOLDINGS LIMITED,PKS,Health Care Equipment & Services
PLACES FOR PEOPLE TREASURY PLC,PPZ,Not Applic
PLATINA RESOURCES LIMITED,PGM,Materials
PLATINUM ASIA INVESTMENTS LIMITED,PAI,Not Applic
PLATINUM ASSET MANAGEMENT LIMITED,PTM,Diversified Financials
PLATINUM CAPITAL LIMITED,PMC,Not Applic
PLATO INCOME MAXIMISER LIMITED.,PL8,Not Applic
PLC FINANCIAL SOLUTIONS LIMITED,PLC,Diversified Financials
PM CAPITAL ASIAN OPPORTUNITIES FUND LIMITED,PAF,Not Applic
PM CAPITAL GLOBAL OPPORTUNITIES FUND LIMITED,PGF,Not Applic
PNX METALS LIMITED,PNX,Materials
PO VALLEY ENERGY LIMITED,PVE,Energy
PODIUM MINERALS LIMITED,POD,Materials
POINTERRA LIMITED,3DP,Software & Services
POINTSBET HOLDINGS LIMITED,PBH,Consumer Services
POLARX LIMITED,PXX,Materials
POLYNOVO LIMITED,PNV,Health Care Equipment & Services
POSEIDON NICKEL LIMITED,POS,Materials
POWERHOUSE VENTURES LIMITED,PVL,Diversified Financials
POWERWRAP LIMITED,PWL,Diversified Financials
PPK GROUP LIMITED,PPK,Capital Goods
PRAEMIUM LIMITED,PPS,Software & Services
PRAIRIE MINING LIMITED,PDZ,Materials
PREDICTIVE DISCOVERY LIMITED,PDI,Materials
PREMIER INVESTMENTS LIMITED,PMV,Retailing
PRESCIENT THERAPEUTICS LIMITED,PTX,"Pharmaceuticals, Biotechnology & Life Sciences"
PRIME FINANCIAL GROUP LIMITED,PFG,Diversified Financials
PRIME MEDIA GROUP LIMITED,PRT,Media & Entertainment
PRIMERO GROUP LIMITED,PGX,Capital Goods
PRIMEWEST,PWG,Diversified Financials
PRO MEDICUS LIMITED,PME,Health Care Equipment & Services
PRO-PAC PACKAGING LIMITED,PPG,Materials
PROBIOTEC LIMITED,PBP,"Pharmaceuticals, Biotechnology & Life Sciences"
PRODIGY GOLD NL,PRX,Materials
PROGRESS 2017-2 TRUST,POT,Not Applic
PROGRESS 2018-1 TRUST,POV,Not Applic
PROGRESS 2019-1 TRUST,POX,Not Applic
PROMINENCE ENERGY NL,PRM,Energy
PROPEL FUNERAL PARTNERS LIMITED,PFP,Consumer Services
PROPERTY CONNECT HOLDINGS LIMITED,PCH,Media & Entertainment
PROPHECY INTERNATIONAL HOLDINGS LIMITED,PRO,Software & Services
PROSPA GROUP LIMITED.,PGL,Diversified Financials
PROSPECT RESOURCES LIMITED,PSC,Materials
PROTEAN ENERGY LIMITED,POW,Capital Goods
PROTEOMICS INTERNATIONAL LABORATORIES LTD,PIQ,"Pharmaceuticals, Biotechnology & Life Sciences"
PS&C LIMITED,PSZ,Commercial & Professional Services
PSC INSURANCE GROUP LIMITED,PSI,Insurance
PTB GROUP LIMITED,PTB,Capital Goods
PUMA MASTERFUND P-16,PUB,Not Applic
PUMA SERIES 2013-1,PUJ,Not Applic
PUMA SERIES 2014-1,PUK,Not Applic
PUMA SERIES 2014-2,PUO,Not Applic
PUMA SERIES 2014-4P,PUQ,Not Applic
PUMA SERIES 2015-1,PUU,Not Applic
PUMA SERIES 2015-3,PUV,Not Applic
PUMA SERIES 2017-1,PUZ,Not Applic
PUMA SERIES 2019-1,PU2,Not Applic
PURE FOODS TASMANIA LIMITED,PFT,"Food, Beverage & Tobacco"
PURE MINERALS LIMITED,PM1,Materials
PUREPROFILE LTD,PPL,Media & Entertainment
PURIFLOH LIMITED,PO3,Utilities
PURSUIT MINERALS LTD,PUR,Materials
PUSHPAY HOLDINGS LIMITED,PPH,Software & Services
PWR HOLDINGS LIMITED,PWH,Automobiles & Components
PYC THERAPEUTICS LIMITED,PYC,"Pharmaceuticals, Biotechnology & Life Sciences"
PYROLYX AG,PLX,Materials
Q TECHNOLOGY GROUP LIMITED,QTG,Technology Hardware & Equipment
QANTAS AIRWAYS LIMITED,QAN,Transportation
QANTM INTELLECTUAL PROPERTY LIMITED,QIP,Commercial & Professional Services
QBE INSURANCE GROUP LIMITED,QBE,Insurance
QEM LIMITED,QEM,Materials
QNB FINANCE LTD,QNB,Not Applic
QUALITAS REAL ESTATE INCOME FUND,QRI,Not Applic
QUANTIFY TECHNOLOGY HOLDINGS LIMITED,QFY,Technology Hardware & Equipment
QUANTUM GRAPHITE LIMITED,QGL,Materials
QUANTUM HEALTH GROUP LIMITED,QTM,Health Care Equipment & Services
QUATTRO PLUS REAL ESTATE,QPR,Real Estate
QUBE HOLDINGS LIMITED,QUB,Transportation
QUEBEC,QBC,Not Applic
QUEENSLAND TREASURY CORPORATION,XQL,Not Applic
QUESTE COMMUNICATIONS LIMITED,QUE,Diversified Financials
QUESTUS LIMITED,QSS,Real Estate
QUICKFEE LIMITED,QFE,Diversified Financials
QUICKSTEP HOLDINGS LIMITED,QHL,Capital Goods
QV EQUITIES LIMITED,QVE,Not Applic
R3D GLOBAL LIMITED,R3D,Media & Entertainment
RACE ONCOLOGY LTD,RAC,"Pharmaceuticals, Biotechnology & Life Sciences"
RAFAELLA RESOURCES LTD.,RFR,Materials
RAGNAR METALS LIMITED,RAG,Materials
RAIDEN RESOURCES LIMITED,RDN,Materials
RAIZ INVEST LIMITED,RZI,Diversified Financials
RAMELIUS RESOURCES LIMITED,RMS,Materials
RAMSAY HEALTH CARE LIMITED,RHC,Health Care Equipment & Services
RAND MINING LIMITED,RND,Materials
RANGE INTERNATIONAL LIMITED,RAN,Materials
RAPTIS GROUP LIMITED,RPG,Real Estate
RAREX LIMITED,REE,Materials
RBR GROUP LIMITED,RBR,Materials
REA GROUP LTD,REA,Media & Entertainment
READCLOUD LIMITED,RCL,Software & Services
READYTECH HOLDINGS LIMITED,RDY,Software & Services
REAL ENERGY CORPORATION LIMITED,RLE,Energy
REAL ESTATE INVESTAR GROUP LIMITED,REV,Media & Entertainment
RECCE PHARMACEUTICALS LTD,RCE,"Pharmaceuticals, Biotechnology & Life Sciences"
RECKON LIMITED,RKN,Software & Services
RECTIFIER TECHNOLOGIES LTD,RFT,Capital Goods
RED 5 LIMITED,RED,Materials
RED EMPEROR RESOURCES NL,RMP,Energy
RED HILL IRON LIMITED,RHI,Materials
RED METAL LIMITED,RDM,Materials
RED MOUNTAIN MINING LIMITED,RMX,Materials
RED RIVER RESOURCES LIMITED,RVR,Materials
RED SKY ENERGY LIMITED.,ROG,Energy
REDBANK COPPER LIMITED,RCP,Materials
REDBUBBLE LIMITED,RBL,Retailing
REDCAPE HOTEL GROUP,RDC,Consumer Services
REDFLEX HOLDINGS LIMITED,RDF,Technology Hardware & Equipment
REDFLOW LIMITED,RFX,Capital Goods
REDHILL EDUCATION LIMITED,RDH,Consumer Services
REDSTONE RESOURCES LIMITED,RDS,Materials
REECE LIMITED,REH,Capital Goods
REEDY LAGOON CORPORATION LIMITED,RLC,Materials
REEF CASINO TRUST,RCT,Consumer Services
REFFIND LIMITED,RFN,Software & Services
REGAL INVESTMENT FUND,RF1,Not Applic
REGENEUS LTD,RGS,"Pharmaceuticals, Biotechnology & Life Sciences"
REGIONAL EXPRESS HOLDINGS LIMITED,REX,Transportation
REGIS HEALTHCARE LIMITED,REG,Health Care Equipment & Services
REGIS RESOURCES LIMITED,RRL,Materials
REGISTRY DIRECT LIMITED,RD1,Software & Services
RELIANCE WORLDWIDE CORPORATION LIMITED,RWC,Capital Goods
RENASCOR RESOURCES LIMITED,RNU,Energy
RENEGADE EXPLORATION LIMITED,RNX,Materials
RENERGEN LIMITED,RLT,Energy
RENT.COM.AU LIMITED,RNT,Media & Entertainment
RENU ENERGY LIMITED,RNE,Utilities
RESA GROUP LIMITED,RE1,Real Estate
RESAPP HEALTH LIMITED,RAP,Health Care Equipment & Services
RESIMAC BASTILLE TRUST IN RESPECT OF RESIMAC SERIES 2018-1NC,RTD,Not Applic
RESIMAC BASTILLE TRUST SERIES 2017-1NC,RT9,Not Applic
RESIMAC GROUP LTD,RMC,Banks
RESIMAC TRIOMPHE TRUST PREMIER 2017-2,RTC,Not Applic
"RESIMAC TRIOMPHE TRUST, RESIMAC PREMIER SERIES 2018-1",RT1,Not Applic
RESMED INC,RMD,Health Care Equipment & Services
RESOLUTE MINING LIMITED,RSG,Materials
RESOLUTION MINERALS LTD,RML,Materials
RESONANCE HEALTH LIMITED,RHT,Health Care Equipment & Services
RESOURCE BASE LIMITED,RBX,Materials
RESOURCE DEVELOPMENT GROUP LIMITED,RDG,Materials
RESOURCE GENERATION LIMITED,RES,Energy
RESOURCE MINING CORPORATION LIMITED,RMI,Materials
RESOURCES & ENERGY GROUP LIMITED,REZ,Materials
RESPIRI LIMITED,RSH,Health Care Equipment & Services
RESTAURANT BRANDS NEW ZEALAND LIMITED,RBD,Consumer Services
RETAIL FOOD GROUP LIMITED,RFG,Consumer Services
"RETECH TECHNOLOGY CO., LIMITED",RTE,Consumer Services
REVASUM INC.,RVS,Semiconductors & Semiconductor Equipment
REVERSE CORP LIMITED,REF,Telecommunication Services
REWARD MINERALS LTD,RWD,Materials
REWARDLE HOLDINGS LIMITED,RXH,Media & Entertainment
REX MINERALS LIMITED,RXM,Materials
REY RESOURCES LIMITED,REY,Energy
RHINOMED LIMITED,RNO,"Pharmaceuticals, Biotechnology & Life Sciences"
RHIPE LIMITED,RHP,Software & Services
RHYTHM BIOSCIENCES LIMITED,RHY,Health Care Equipment & Services
RICEGROWERS LIMITED,SGL,"Food, Beverage & Tobacco"
RIDLEY CORPORATION LIMITED,RIC,"Food, Beverage & Tobacco"
RIEDEL RESOURCES LIMITED,RIE,Materials
RIGHTCROWD LIMITED,RCW,Software & Services
RIMFIRE PACIFIC MINING NL,RIM,Materials
RIO TINTO LIMITED,RIO,Materials
RIVERSGOLD LIMITED,RGL,Materials
RMA ENERGY LIMITED,RMT,Materials
RMA GLOBAL LIMITED,RMY,Media & Entertainment
RMG LIMITED,RMG,Materials
RNY PROPERTY TRUST,RNY,Real Estate
ROOLIFE GROUP LTD,RLG,Media & Entertainment
ROOTS SUSTAINABLE AGRICULTURAL TECHNOLOGIES LTD,ROO,Capital Goods
ROTO-GRO INTERNATIONAL LIMITED,RGI,Capital Goods
ROX RESOURCES LIMITED,RXL,Materials
RPM AUTOMOTIVE GROUP LIMITED,RPM,Automobiles & Components
RPMGLOBAL HOLDINGS LIMITED,RUL,Software & Services
RTG MINING INC.,RTG,Materials
RUMBLE RESOURCES LIMITED,RTR,Materials
RURAL FUNDS GROUP,RFF,Real Estate
RXP SERVICES LIMITED,RXP,Software & Services
RYDER CAPITAL LIMITED,RYD,Not Applic
S2 RESOURCES LTD,S2R,Materials
SABRE RESOURCES LIMITED,SBR,Materials
SACGASCO LIMITED,SGC,Energy
SAFEROADS HOLDINGS LIMITED,SRH,Transportation
SAGALIO ENERGY LIMITED,SAN,Energy
SALMAT LIMITED,SLM,Media & Entertainment
SALT LAKE POTASH LIMITED,SO4,Materials
SANDFIRE RESOURCES LIMITED,SFR,Materials
SANDON CAPITAL INVESTMENTS LIMITED,SNC,Not Applic
SANTA FE MINERALS LTD,SFM,Materials
SANTANA MINERALS LIMITED,SMI,Materials
SANTOS FINANCE LIMITED,SFV,Not Applic
SANTOS LIMITED,STO,Energy
SAPPHIRE XXI SERIES 2019-1 TRUST,SPW,Not Applic
SARACEN MINERAL HOLDINGS LIMITED,SAR,Materials
SATURN METALS LIMITED,STN,Materials
SAUNDERS INTERNATIONAL LIMITED,SND,Capital Goods
SAYONA MINING LIMITED,SYA,Materials
SCANDIVANADIUM LTD,SVD,Materials
SCENTRE GROUP,SCG,Real Estate
SCENTRE GROUP TRUST 1,SCW,Real Estate
SCENTRE GROUP TRUST 1 AND SCENTRE GROUP TRUST 2,SCA,Not Applic
SCHAFFER CORPORATION LIMITED,SFC,Automobiles & Components
SCHROLE GROUP LTD,SCL,Software & Services
SCIDEV LTD,SDV,Materials
SCORPION MINERALS LIMITED,SCN,Materials
SCOUT SECURITY LIMITED,SCT,Consumer Services
SDI LIMITED,SDI,Health Care Equipment & Services
SEAFARMS GROUP LIMITED,SFG,"Food, Beverage & Tobacco"
SEALINK TRAVEL GROUP LIMITED,SLK,Consumer Services
SECOS GROUP LTD,SES,Materials
SECURITY MATTERS LIMITED,SMX,Software & Services
SEEK LIMITED,SEK,Media & Entertainment
SELECT HARVESTS LIMITED,SHV,"Food, Beverage & Tobacco"
SELFWEALTH LIMITED,SWF,Diversified Financials
SENETAS CORPORATION LIMITED,SEN,Technology Hardware & Equipment
SENEX ENERGY LIMITED,SXY,Energy
SENSEN NETWORKS LIMITED,SNS,Software & Services
SENSERA LIMITED,SE1,Semiconductors & Semiconductor Equipment
SEQUOIA FINANCIAL GROUP LTD,SEQ,Diversified Financials
SERIES 2010-1 REDS TRUST,REK,Not Applic
SERIES 2010-2 REDS TRUST,RDA,Not Applic
SERIES 2011-3 WST TRUST,WSN,Not Applic
SERIES 2012-1 WST TRUST,WSO,Not Applic
SERIES 2012-1E REDS TRUST,RFB,Not Applic
SERIES 2013-1 HARVEY TRUST,HTB,Not Applic
SERIES 2013-1 WST TRUST,WSQ,Not Applic
SERIES 2013-2 WST TRUST,WSD,Not Applic
SERIES 2014-1 WST TRUST,WSZ,Not Applic
SERIES 2014-2 WST TRUST,WEK,Not Applic
SERIES 2015-1 WST TRUST,WEJ,Not Applic
SERIES 2017-1 REDS TRUST,RFC,Not Applic
SERIES 2018-1 REDS EHP TRUST,RT2,Not Applic
SERIES 2018-1 REDS TRUST,RFE,Not Applic
SERIES 2019-1 WST TRUST,WE1,Not Applic
SERIES 2020-1 WST TRUST,WB1,Not Applic
SERKO LIMITED,SKO,Software & Services
SERVCORP LIMITED,SRV,Real Estate
SERVICE STREAM LIMITED,SSM,Capital Goods
SEVEN GROUP HOLDINGS LIMITED,SVW,Capital Goods
SEVEN WEST MEDIA LIMITED,SWM,Media & Entertainment
SEZZLE INC.,SZL,Software & Services
SG FLEET GROUP LIMITED,SGF,Commercial & Professional Services
SHAVER SHOP GROUP LIMITED,SSG,Retailing
SHEFFIELD RESOURCES LIMITED,SFX,Materials
SHEKEL BRAINWEIGH LTD,SBW,Software & Services
SHINE JUSTICE LTD,SHJ,Consumer Services
SHINHAN BANK.,SHZ,Not Applic
SHOPPING CENTRES AUSTRALASIA PROPERTY GROUP,SCP,Real Estate
SHREE MINERALS LIMITED,SHH,Materials
SHRIRO HOLDINGS LIMITED,SHM,Consumer Durables & Apparel
SIBURAN RESOURCES LIMITED,SBU,Materials
SIETEL LIMITED,SSL,Real Estate
SIGMA HEALTHCARE LIMITED,SIG,Health Care Equipment & Services
SIHAYO GOLD LIMITED,SIH,Materials
SILEX SYSTEMS LIMITED,SLX,Semiconductors & Semiconductor Equipment
SILVER CITY MINERALS LIMITED,SCI,Materials
SILVER HERITAGE GROUP LIMITED,SVH,Consumer Services
SILVER LAKE RESOURCES LIMITED,SLR,Materials
SILVER MINES LIMITED,SVL,Materials
SIMAVITA LIMITED,SVA,Health Care Equipment & Services
SIMBLE SOLUTIONS LIMITED,SIS,Software & Services
SIMONDS GROUP LIMITED,SIO,Consumer Durables & Apparel
SIMS LIMITED,SGM,Materials
SINETECH LIMITED,STC,Software & Services
SIPA RESOURCES LIMITED,SRI,Materials
SITE GROUP INTERNATIONAL LIMITED,SIT,Consumer Services
SIV ASSET MANAGEMENT LIMITED,SAM,Diversified Financials
SIV CAPITAL LIMITED,SIV,Capital Goods
SIX SIGMA METALS LIMITED,SI6,Materials
SKIN ELEMENTS LIMITED,SKN,Household & Personal Products
SKY AND SPACE GLOBAL LTD,SAS,Telecommunication Services
SKY METALS LIMITED,SKY,Materials
SKY NETWORK TELEVISION LIMITED.,SKT,Media & Entertainment
SKYCITY ENTERTAINMENT GROUP LIMITED,SKC,Consumer Services
SKYFII LTD,SKF,Software & Services
SLATER & GORDON LIMITED,SGH,Consumer Services
SMART ABS SERIES 2016-3 TRUST,SAZ,Not Applic
SMART ABS SERIES 2017-1 TRUST,SSF,Not Applic
SMART ABS SERIES 2017-2 TRUST,SS7,Not Applic
SMART ABS SERIES 2019-1 TRUST,SM9,Not Applic
SMART PARKING LIMITED,SPZ,Technology Hardware & Equipment
SMARTGROUP CORPORATION LTD,SIQ,Commercial & Professional Services
SMARTPAY HOLDINGS LIMITED,SMP,Software & Services
SMILES INCLUSIVE LIMITED,SIL,Health Care Equipment & Services
SOMNOMED LIMITED,SOM,Health Care Equipment & Services
SONIC HEALTHCARE LIMITED,SHL,Health Care Equipment & Services
SOON MINING LIMITED,SMG,Materials
SOUTH32 LIMITED,S32,Materials
SOUTHERN CROSS ELECTRICAL ENGINEERING LTD,SXE,Capital Goods
SOUTHERN CROSS EXPLORATION N.L.,SXX,Materials
SOUTHERN CROSS MEDIA GROUP LIMITED,SXL,Media & Entertainment
SOUTHERN GOLD LIMITED,SAU,Materials
SOUTHERN HEMISPHERE MINING LIMITED,SUH,Materials
SOVEREIGN METALS LIMITED,SVM,Materials
SPARK INFRASTRUCTURE GROUP,SKI,Utilities
SPARK NEW ZEALAND LIMITED,SPK,Telecommunication Services
SPDR S&P/ASX 200 FUND,STW,Not Applic
SPDR S&P/ASX 200 LISTED PROPERTY FUND,SLF,Not Applic
SPDR S&P/ASX 50 FUND,SFY,Not Applic
SPECIALITY METALS INTERNATIONAL LIMITED,SEI,Materials
SPECTUR LIMITED,SP3,Technology Hardware & Equipment
SPEEDCAST INTERNATIONAL LIMITED,SDA,Telecommunication Services
SPHERIA EMERGING COMPANIES LIMITED,SEC,Not Applic
SPIRIT TELECOM LIMITED,ST1,Telecommunication Services
SPLITIT PAYMENTS LTD,SPT,Software & Services
SPORTSHERO LIMITED,SHO,Media & Entertainment
SPRINTEX LIMITED,SIX,Automobiles & Components
SRG GLOBAL LIMITED,SRG,Capital Goods
SRJ TECHNOLOGIES GROUP PLC,SRJ,Class Pend
SSR MINING INC.,SSR,Class Pend
ST BARBARA LIMITED,SBM,Materials
ST GEORGE MINING LIMITED,SGQ,Materials
STANDARD CHARTERED PLC,SCD,Not Applic
STANMORE COAL LIMITED,SMR,Energy
STAR COMBO PHARMA LIMITED,S66,Household & Personal Products
STARPHARMA HOLDINGS LIMITED,SPL,"Pharmaceuticals, Biotechnology & Life Sciences"
STATE GAS LIMITED,GAS,Energy
STAVELY MINERALS LIMITED,SVY,Materials
STEADFAST GROUP LIMITED,SDF,Insurance
STEALTH GLOBAL HOLDINGS LTD,SGI,Capital Goods
STEAMSHIPS TRADING COMPANY LIMITED,SST,Capital Goods
STELLAR RESOURCES LIMITED,SRZ,Materials
STEMCELL UNITED LIMITED,SCU,"Pharmaceuticals, Biotechnology & Life Sciences"
STEMIFY LIMITED,SF1,Technology Hardware & Equipment
STERLING PLANTATIONS LIMITED,SBI,"Food, Beverage & Tobacco"
STOCKLAND,SGP,Real Estate
STONE RESOURCES AUSTRALIA LIMITED,SHK,Materials
STONEHORSE ENERGY LIMITED,SHE,Energy
STORY-I LIMITED,SRY,Retailing
STRAKER TRANSLATIONS LIMITED,STG,Media & Entertainment
STRANDLINE RESOURCES LIMITED,STA,Materials
STRATA-X ENERGY LIMITED,SXA,Energy
STRATEGIC ELEMENTS LIMITED,SOR,Diversified Financials
STRATEGIC ENERGY RESOURCES LIMITED,SER,Materials
STRATEGIC MINERALS CORPORATION NL,SMC,Materials
STREAM GROUP LIMITED,SGO,Software & Services
STRIKE ENERGY LIMITED,STX,Energy
STRIKE RESOURCES LIMITED,SRK,Materials
STRUCTURAL MONITORING SYSTEMS PLC,SMN,Technology Hardware & Equipment
SUDA PHARMACEUTICALS LTD,SUD,"Pharmaceuticals, Biotechnology & Life Sciences"
SULTAN RESOURCES LTD,SLZ,Materials
SUMMERSET GROUP HOLDINGS LIMITED,SNZ,Health Care Equipment & Services
SUNCORP GROUP LIMITED,SUN,Insurance
SUNCORP-METWAY LIMITED .,SBK,Insurance
SUNDANCE RESOURCES LIMITED,SDL,Materials
SUNLAND GROUP LIMITED,SDG,Real Estate
SUNSTONE METALS LTD,STM,Materials
SUNVEST CORPORATION LIMITED,SVS,Not Applic
SUPER RETAIL GROUP LIMITED,SUL,Retailing
SUPERIOR LAKE RESOURCES LIMITED,SUP,Materials
SUPERIOR RESOURCES LIMITED,SPQ,Materials
SUPERLOOP LIMITED,SLC,Telecommunication Services
SUPPLY NETWORK LIMITED,SNL,Retailing
SUREFIRE RESOURCES NL,SRN,Materials
SUVO STRATEGIC MINERALS LIMITED,SUV,Materials
SWICK MINING SERVICES LTD,SWK,Materials
SWIFT MEDIA LIMITED,SW1,Media & Entertainment
SYDNEY AIRPORT,SYD,Transportation
SYMBOL MINING LIMITED,SL1,Materials
SYNERTEC CORPORATION LIMITED,SOP,Commercial & Professional Services
SYNGAS LIMITED,SYS,Energy
SYNLAIT MILK LIMITED,SM1,"Food, Beverage & Tobacco"
SYNTONIC LIMITED,SYT,Software & Services
SYRAH RESOURCES LIMITED,SYR,Materials
TABCORP HOLDINGS LIMITED,TAH,Consumer Services
TALGA RESOURCES LTD,TLG,Materials
TALI DIGITAL LIMITED,TD1,Health Care Equipment & Services
TALISMAN MINING LIMITED,TLM,Materials
TALON PETROLEUM LIMITED,TPD,Energy
TAMASKA OIL AND GAS LTD,TMK,Energy
TAMAWOOD LIMITED,TWD,Consumer Durables & Apparel
TANAMI GOLD NL,TAM,Materials
TANGA RESOURCES LIMITED,TRL,Materials
TAO COMMODITIES LTD,TAO,Materials
TAP OIL LIMITED,TAP,Energy
TARUGA MINERALS LIMITED,TAR,Materials
TASFOODS LIMITED,TFL,"Food, Beverage & Tobacco"
TASMAN RESOURCES LTD,TAS,Materials
TASSAL GROUP LIMITED,TGR,"Food, Beverage & Tobacco"
TBG DIAGNOSTICS LIMITED,TDL,"Pharmaceuticals, Biotechnology & Life Sciences"
TEAMINVEST PRIVATE GROUP LIMITED,TIP,Diversified Financials
TECHNICHE LIMITED.,TCN,Software & Services
TECHNOLOGY METALS AUSTRALIA LIMITED,TMT,Materials
TECHNOLOGY ONE LIMITED,TNE,Software & Services
TELIX PHARMACEUTICALS LIMITED,TLX,"Pharmaceuticals, Biotechnology & Life Sciences"
TELSTRA CORPORATION LIMITED.,TLS,Telecommunication Services
TEMPLE & WEBSTER GROUP LTD,TPW,Retailing
TEMPLETON GLOBAL GROWTH FUND LIMITED,TGG,Not Applic
TEMPO AUSTRALIA LTD,TPP,Commercial & Professional Services
TEMPUS RESOURCES LTD,TMR,Materials
TERRACOM LIMITED,TER,Energy
TERRAGEN HOLDINGS LIMITED,TGH,Materials
TERRAIN MINERALS LIMITED,TMX,Materials
TERRAMIN AUSTRALIA LIMITED.,TZN,Materials
TESORO RESOURCES LIMITED,TSO,Materials
TESSERENT LIMITED,TNT,Software & Services
TEST SECURITY,TES,Class Pend
THC GLOBAL GROUP LIMITED,THC,"Pharmaceuticals, Biotechnology & Life Sciences"
THE A2 MILK COMPANY LIMITED,A2M,"Food, Beverage & Tobacco"
THE AGENCY GROUP AUSTRALIA LTD,AU1,Real Estate
THE CITADEL GROUP LIMITED,CGL,Software & Services
THE FOOD REVOLUTION GROUP LIMITED,FOD,"Food, Beverage & Tobacco"
THE GO2 PEOPLE LTD,GO2,Commercial & Professional Services
THE MARKET HERALD LIMITED,TMH,Media & Entertainment
THE PAS GROUP LIMITED,PGR,Retailing
THE REJECT SHOP LIMITED,TRS,Retailing
THE STAR ENTERTAINMENT GROUP LIMITED,SGR,Consumer Services
THEDOCYARD LIMITED,TDY,Software & Services
THETA GOLD MINES LIMITED,TGM,Materials
THINK CHILDCARE GROUP,TNK,Consumer Services
THOMSON RESOURCES LIMITED,TMZ,Materials
THOR MINING PLC,THR,Materials
THORN GROUP LIMITED,TGA,Retailing
THORNEY OPPORTUNITIES LTD,TOP,Not Applic
THORNEY TECHNOLOGIES LTD,TEK,Not Applic
THREAT PROTECT AUSTRALIA LIMITED,TPS,Commercial & Professional Services
THRED LIMITED,THD,Media & Entertainment
TIAN AN AUSTRALIA LIMITED,TIA,Real Estate
TIAN POH RESOURCES LIMITED,TPO,Materials
TIETTO MINERALS LIMITED,TIE,Materials
TIGERS REALM COAL LIMITED,TIG,Materials
TIKFORCE LIMITED,TKF,Software & Services
TILT RENEWABLES LIMITED.,TLT,Utilities
TIMAH RESOURCES LIMITED,TML,Utilities
TINYBEANS GROUP LTD,TNY,Media & Entertainment
TITAN MINERALS LIMITED,TTM,Materials
TITANIUM SANDS LIMITED,TSL,Materials
TITOMIC LIMITED,TTT,Materials
TLOU ENERGY LIMITED,TOU,Energy
TNG LIMITED,TNG,Materials
TNT MINES LIMITED,TIN,Materials
TODD RIVER RESOURCES LIMITED,TRT,Materials
TOMIZONE LIMITED,TOM,Telecommunication Services
TORIAN RESOURCES LIMITED,TNR,Materials
TORO ENERGY LIMITED,TOE,Energy
TORRENS SERIES 2013-1 TRUST,TNB,Not Applic
TORRENS SERIES 2013-2 TRUST,TNF,Not Applic
TORRENS SERIES 2014-1 TRUST,TNH,Not Applic
TORRENS SERIES 2014-2 TRUST,TOZ,Not Applic
TORRENS SERIES 2015-1 TRUST,TNJ,Not Applic
TORRENS SERIES 2016-1 TRUST,TTZ,Not Applic
TOTAL BRAIN LIMITED,TTB,Health Care Equipment & Services
TOWER LIMITED,TWR,Insurance
TPC CONSOLIDATED LIMITED,TPC,Utilities
TPG TELECOM LIMITED.,TPG,Telecommunication Services
TRAFFIC TECHNOLOGIES LTD.,TTI,Transportation
TRAKA RESOURCES LIMITED,TKL,Materials
TRANSCENDENCE TECHNOLOGIES LIMITED,TTL,Software & Services
TRANSMETRO CORPORATION LIMITED,TCO,Consumer Services
TRANSURBAN GROUP,TCL,Transportation
TREASURY CORPORATION OF VICTORIA,XVG,Not Applic
TREASURY WINE ESTATES LIMITED,TWE,"Food, Beverage & Tobacco"
TREK METALS LIMITED,TKM,Materials
TRIANGLE ENERGY (GLOBAL) LIMITED,TEG,Energy
TRIBECA GLOBAL NATURAL RESOURCES LIMITED,TGF,Not Applic
TRIBUNE RESOURCES LIMITED,TBR,Materials
TRIGG MINING LTD.,TMG,Materials
TRIMANTIUM GROWTHOPS LIMITED,TGO,Software & Services
TRIPLE ENERGY LIMITED,TNP,Energy
TRITON MINERALS LTD,TON,Materials
TRITON TRUST NO. 8 IN RESPECT OF BOND SERIES 2018-1,TT9,Not Applic
TRITON TRUST NO. 8 IN RESPECT OF THE BOND SERIES 2019-2,TT1,Not Applic
TRITON TRUST NO.7 IN RESPECT OF THE BOND SERIES 2017-2,TT7,Not Applic
TRITON TRUST NO.8 IN RESPECT OF THE BOND SERIES 2019-3,TT3,Not Applic
TROY RESOURCES LIMITED,TRY,Materials
TRUSCOTT MINING CORPORATION LIMITED,TRM,Materials
TTA HOLDINGS LIMITED,TTA,Retailing
TUAS LIMITED,TUA,Telecommunication Services
TUBI LIMITED,2BE,Energy
TUNGSTEN MINING NL,TGN,Materials
TURNERS AUTOMOTIVE GROUP LIMITED,TRA,Retailing
TV2U INTERNATIONAL LIMITED,TV2,Software & Services
TWENTY SEVEN CO. LIMITED,TSC,Energy
TYMLEZ GROUP LIMITED,TYM,Software & Services
TYRANNA RESOURCES LIMITED,TYX,Materials
TYRO PAYMENTS LIMITED,TYR,Software & Services
TZ LIMITED,TZL,Technology Hardware & Equipment
UCW LIMITED,UCW,Consumer Services
ULTIMA UNITED LIMITED,UUL,Real Estate
UNIBAIL-RODAMCO-WESTFIELD,URW,Real Estate
UNITED MALT GROUP LIMITED,UMG,"Food, Beverage & Tobacco"
UNITED NETWORKS LIMITED,UNL,Telecommunication Services
UNITED OVERSEAS AUSTRALIA LIMITED,UOS,Real Estate
UNITI GROUP LIMITED,UWL,Telecommunication Services
UNIVERSAL BIOSENSORS INC.,UBI,Health Care Equipment & Services
URBANISE.COM LIMITED,UBN,Software & Services
US MASTERS RESIDENTIAL PROPERTY FUND,URF,Real Estate
USCOM LIMITED,UCM,Health Care Equipment & Services
UUV AQUABOTIX LTD,UUV,Capital Goods
VALMEC LIMITED,VMX,Energy
VALOR RESOURCES LIMITED,VAL,Materials
VANADIUM RESOURCES LIMITED,VR8,Materials
VANGO MINING LIMITED,VAN,Materials
VARISCAN MINES LIMITED,VAR,Materials
VAULT INTELLIGENCE LIMITED,VLT,Software & Services
VDM GROUP LIMITED,VMG,Capital Goods
VECTION TECHNOLOGIES LTD,VR1,Software & Services
VECTOR RESOURCES LIMITED,VEC,Materials
VECTUS BIOSYSTEMS LIMITED,VBS,"Pharmaceuticals, Biotechnology & Life Sciences"
VEEM LTD,VEE,Capital Goods
VELOCITY PROPERTY GROUP LIMITED,VP7,Real Estate
VENTURE MINERALS LIMITED,VMS,Materials
VENTUREX RESOURCES LIMITED,VXR,Materials
VENUS METALS CORPORATION LIMITED,VMC,Materials
VERIS LIMITED,VRS,Commercial & Professional Services
VERMILION TRUST NO.1 BOND SERIES 2019-1,VT1,Not Applic
VGI PARTNERS ASIAN INVESTMENTS LIMITED,VG8,Not Applic
VGI PARTNERS GLOBAL INVESTMENTS LIMITED,VG1,Not Applic
VGI PARTNERS LIMITED,VGI,Diversified Financials
VIAGOLD RARE EARTH RESOURCES HOLDINGS LIMITED,VIA,Materials
VICINITY CENTRES,VCX,Real Estate
VICINITY CENTRES TRUST,VCD,Not Applic
VICTOR GROUP HOLDINGS LIMITED,VIG,Software & Services
VICTORY MINES LIMITED,VIC,Materials
VICTORY OFFICES LIMITED,VOL,Real Estate
VIETNAM INDUSTRIAL INVESTMENTS LIMITED,VII,Materials
VIKING MINES LIMITED,VKA,Materials
VILLAGE ROADSHOW LIMITED,VRL,Media & Entertainment
VIMY RESOURCES LIMITED,VMY,Energy
VINTAGE ENERGY LTD,VEN,Energy
VIP GLOVES LTD,VIP,Health Care Equipment & Services
VIRGIN AUSTRALIA HOLDINGS LIMITED,VAH,Transportation
VIRGIN MONEY UK PLC,VUK,Banks
VIRTUS HEALTH LIMITED,VRT,Health Care Equipment & Services
"VISIONEERING TECHNOLOGIES, INC.",VTI,Health Care Equipment & Services
VISTA GROUP INTERNATIONAL LIMITED.,VGL,Software & Services
VITA GROUP LIMITED,VTG,Retailing
VITA LIFE SCIENCES LIMITED..,VLS,"Pharmaceuticals, Biotechnology & Life Sciences"
VITAL METALS LIMITED,VML,Materials
VITALHARVEST FREEHOLD TRUST,VTH,Real Estate
VIVA ENERGY GROUP LIMITED,VEA,Energy
VIVA LEISURE LIMITED,VVA,Consumer Services
VMOTO LIMITED,VMT,Automobiles & Components
VOCUS GROUP LIMITED,VOC,Telecommunication Services
VODAFONE GROUP PLC.,VPG,Not Applic
VOLPARA HEALTH TECHNOLOGIES LIMITED,VHT,Health Care Equipment & Services
VOLT POWER GROUP LIMITED,VPR,Utilities
VOLT RESOURCES LIMITED,VRC,Materials
VONEX LIMITED..,VN8,Telecommunication Services
VORTIV LIMITED,VOR,Software & Services
VPCL LTD,VPC,Not Applic
VRX SILICA LIMITED,VRX,Materials
VULCAN ENERGY RESOURCES LIMITED,VUL,Materials
VYSARN LIMITED,VYS,Materials
WAGNERS HOLDING COMPANY LIMITED,WGN,Materials
WALKABOUT RESOURCES LTD,WKT,Materials
WAM ACTIVE LIMITED,WAA,Not Applic
WAM CAPITAL LIMITED,WAM,Not Applic
WAM GLOBAL LIMITED,WGB,Not Applic
WAM LEADERS LIMITED,WLE,Not Applic
WAM MICROCAP LIMITED,WMI,Not Applic
WAM RESEARCH LIMITED,WAX,Not Applic
WAMEJA LIMITED,WJA,Software & Services
WARREGO ENERGY LIMITED,WGO,Energy
WASHINGTON H SOUL PATTINSON & COMPANY LIMITED,SOL,Energy
WATERCO LIMITED,WAT,Consumer Durables & Apparel
WATTLE HEALTH AUSTRALIA LIMITED,WHA,"Food, Beverage & Tobacco"
WAYPOINT REIT,WPR,Real Estate
WCM GLOBAL GROWTH LIMITED,WQG,Not Applic
WEA FINANCE LLC,WEH,Not Applic
WEA FINANCE LLC AND WESTFIELD UK & EUROPE FINANCE PLC,WEF,Not Applic
WEBCENTRAL GROUP LIMITED.,WCG,Software & Services
WEBJET LIMITED,WEB,Retailing
WEEBIT NANO LTD,WBT,Technology Hardware & Equipment
WELLARD LIMITED,WLD,"Food, Beverage & Tobacco"
WELLNESS AND BEAUTY SOLUTIONS LIMITED,WNB,Consumer Services
WESFARMERS LIMITED,WES,Retailing
WEST AFRICAN RESOURCES LIMITED,WAF,Materials
WEST WITS MINING LIMITED,WWI,Materials
WESTERN AREAS LIMITED,WSA,Materials
WESTFIELD UK & EUROPE FINANCE PLC,WEN,Not Applic
WESTGOLD RESOURCES LIMITED.,WGX,Materials
WESTOZ INVESTMENT COMPANY LIMITED,WIC,Not Applic
WESTPAC BANKING CORPORATION,WBC,Banks
WESTSTAR INDUSTRIAL LIMITED,WSI,Materials
WHISPIR LIMITED,WSP,Software & Services
WHITE CLIFF MINERALS LIMITED,WCN,Materials
WHITE ENERGY COMPANY LIMITED,WEC,Energy
WHITE ROCK MINERALS LIMITED,WRM,Materials
WHITEBARK ENERGY LTD,WBE,Energy
WHITEFIELD LIMITED,WHF,Not Applic
WHITEHAVEN COAL LIMITED,WHC,Energy
WHITEHAWK LIMITED,WHK,Retailing
WIDE OPEN AGRICULTURE LTD,WOA,"Food, Beverage & Tobacco"
WILDCAT RESOURCES LIMITED,WC8,Materials
WILUNA MINING CORPORATION LIMITED,WMX,Materials
WINCHESTER ENERGY LTD,WEL,Energy
WINGARA AG LTD,WNR,"Food, Beverage & Tobacco"
WISETECH GLOBAL LIMITED,WTC,Software & Services
WISEWAY GROUP LIMITED,WWG,Transportation
WISR LIMITED,WZR,Diversified Financials
WOLF MINERALS LIMITED,WLF,Materials
WOLLONGONG COAL LIMITED,WLC,Materials
WOODSIDE PETROLEUM LTD,WPL,Energy
WOOLWORTHS GROUP LIMITED,WOW,Food & Staples Retailing
WOOMERA MINING LIMITED,WML,Materials
WORLEY LIMITED,WOR,Energy
WPP AUNZ LTD,WPP,Media & Entertainment
WT FINANCIAL GROUP LIMITED,WTL,Diversified Financials
XANADU MINES LTD,XAM,Materials
XANTIPPE RESOURCES LIMITED,XTC,Materials
XERO LIMITED,XRO,Software & Services
XPD SOCCER GEAR GROUP LIMITED,XPD,Consumer Durables & Apparel
XPED LIMITED,XPE,Software & Services
XPLORE WEALTH LIMITED,XPL,Diversified Financials
XREF LIMITED,XF1,Software & Services
XRF SCIENTIFIC LIMITED,XRF,Capital Goods
XSTATE RESOURCES LIMITED,XST,Energy
XTD LTD,XTD,Media & Entertainment
XTEK LIMITED.,XTE,Capital Goods
YANCOAL AUSTRALIA LIMITED,YAL,Energy
YANDAL RESOURCES LIMITED,YRL,Materials
YELLOW BRICK ROAD HOLDINGS LIMITED,YBR,Banks
YOJEE LIMITED,YOJ,Software & Services
YOWIE GROUP LTD,YOW,"Food, Beverage & Tobacco"
YPB GROUP LTD,YPB,Commercial & Professional Services
Z ENERGY LIMITED.,ZEL,Energy
ZELIRA THERAPEUTICS LIMITED,ZLD,"Pharmaceuticals, Biotechnology & Life Sciences"
ZENITH ENERGY LIMITED,ZEN,Utilities
ZENITH MINERALS LIMITED,ZNC,Materials
ZETA RESOURCES LIMITED,ZER,Not Applic
ZEUS RESOURCES LIMITED,ZEU,Energy
ZICOM GROUP LIMITED,ZGL,Capital Goods
ZIMPLATS HOLDINGS LIMITED,ZIM,Materials
ZINC OF IRELAND NL,ZMI,Materials
ZIP CO LIMITED.,Z1P,Diversified Financials
ZIPTEL LIMITED,ZIP,Telecommunication Services
ZOONO GROUP LIMITED,ZNO,Materials
ZYBER HOLDINGS LTD,ZYB,Software & Services
